Id,Predicted
1261,7.508521189033159e-05
6049,7.508521189033159e-05
6343,0.002310997227969003
2441,0.0036575836709625787
4069,7.508521189033159e-05
2628,0.1892460495804173
9554,7.508521189033159e-05
8818,7.508521189033159e-05
7782,7.508521189033159e-05
5848,7.508521189033159e-05
7947,0.6062972741049871
8148,7.508521189033159e-05
3581,7.508521189033159e-05
5205,7.508521189033159e-05
2572,7.508521189033159e-05
6362,0.0014826833773913446
549,7.508521189033159e-05
6843,7.508521189033159e-05
7924,7.508521189033159e-05
4488,0.0022847776485563636
6265,7.508521189033159e-05
645,7.508521189033159e-05
4840,7.508521189033159e-05
1921,0.004413620317374927
3111,7.508521189033159e-05
6033,7.508521189033159e-05
4724,0.07318734130191568
4046,0.5749875088325146
2064,0.5563696576761835
634,7.508521189033159e-05
8188,0.12717934016205573
2691,0.34350549400762004
7385,7.508521189033159e-05
4783,0.4779043641953297
3032,0.189828818549128
7470,0.08041607077511242
5517,7.508521189033159e-05
8090,0.5279721832437583
1471,7.508521189033159e-05
5145,0.38084127679156565
406,0.3046726663623058
763,0.002517451379522796
9860,0.4132507916960688
8355,7.508521189033159e-05
7631,0.028352957415354024
232,7.508521189033159e-05
1255,7.508521189033159e-05
8587,7.508521189033159e-05
9891,7.508521189033159e-05
4015,7.508521189033159e-05
6932,7.508521189033159e-05
3424,0.005564780182667702
5234,7.508521189033159e-05
9547,7.508521189033159e-05
5624,7.508521189033159e-05
9070,7.508521189033159e-05
3367,0.6042334767844867
3965,7.508521189033159e-05
2807,0.3027838471118157
4299,0.1892538922821853
5085,7.508521189033159e-05
2772,7.508521189033159e-05
5596,7.508521189033159e-05
4920,7.508521189033159e-05
6822,7.508521189033159e-05
94,7.508521189033159e-05
5012,7.508521189033159e-05
427,7.508521189033159e-05
2113,7.508521189033159e-05
6573,7.508521189033159e-05
3437,0.011925687896160777
6205,7.508521189033159e-05
8665,0.18237543270005097
7936,7.508521189033159e-05
3474,0.004021156408831148
1937,7.508521189033159e-05
9927,7.508521189033159e-05
4018,7.508521189033159e-05
4061,7.508521189033159e-05
7277,7.508521189033159e-05
6130,7.508521189033159e-05
5665,7.508521189033159e-05
5254,0.20819521438647606
2853,7.508521189033159e-05
13,7.508521189033159e-05
9678,7.508521189033159e-05
1298,7.508521189033159e-05
6486,0.4779194200890922
4992,7.508521189033159e-05
4257,0.4648610743619584
5203,7.508521189033159e-05
1592,0.015000224046180264
6340,7.508521189033159e-05
8500,7.508521189033159e-05
4956,0.5682139002805523
8513,7.508521189033159e-05
8551,7.508521189033159e-05
1224,0.4138505879724179
2643,0.3695934886095267
3450,7.508521189033159e-05
9063,0.13387319746889642
8828,0.469346459361185
7467,7.508521189033159e-05
921,0.07063190197083336
41,7.508521189033159e-05
7015,7.508521189033159e-05
1477,7.508521189033159e-05
743,7.508521189033159e-05
3652,7.508521189033159e-05
7229,0.009989262091157134
6586,7.508521189033159e-05
6460,7.508521189033159e-05
7376,7.508521189033159e-05
8898,0.3158410003829155
5576,7.508521189033159e-05
851,0.5822225258325884
9411,0.5886379074840057
5608,0.002383013762809495
8537,7.508521189033159e-05
2860,7.508521189033159e-05
8728,7.508521189033159e-05
4789,0.4948845207216378
5413,0.3362612591586946
8856,0.40525556999963397
1584,7.508521189033159e-05
5451,0.028776890385868073
9442,0.2500919230736908
9602,7.508521189033159e-05
6579,7.508521189033159e-05
3400,7.508521189033159e-05
5971,7.508521189033159e-05
4433,7.508521189033159e-05
8730,7.508521189033159e-05
5347,0.3897073551688899
6849,0.2414328622772495
8871,0.013667846123332841
9749,0.28595527664261805
344,7.508521189033159e-05
4182,0.33860374454741915
5774,0.2949778725588275
3544,0.02827337128500599
1380,0.002201157761285905
6481,0.3843509097276591
2451,0.0025623448732074727
9138,7.508521189033159e-05
6926,0.2825886603734716
5547,7.508521189033159e-05
1400,0.5784334056607163
7320,0.4070031841072365
8254,7.508521189033159e-05
177,0.22223330616307543
9034,7.508521189033159e-05
492,7.508521189033159e-05
2907,0.04532118781440098
3832,0.392160798961176
4773,0.504178418414957
7132,7.508521189033159e-05
67,7.508521189033159e-05
2067,0.033257289512449134
4275,7.508521189033159e-05
8754,0.01062796436461471
7215,0.5944880475543841
996,7.508521189033159e-05
6540,7.508521189033159e-05
3144,0.32739009198044383
7275,0.3003254172426973
6482,7.508521189033159e-05
5908,7.508521189033159e-05
463,7.508521189033159e-05
72,0.24951683082087645
7504,0.5880836794068154
1701,7.508521189033159e-05
3492,7.508521189033159e-05
8887,0.1532773567446666
9921,0.1462286651856307
3999,7.508521189033159e-05
7871,0.015477281378299755
5533,0.0800570004475632
6751,7.508521189033159e-05
5772,7.508521189033159e-05
2156,0.47696435822938726
3945,7.508521189033159e-05
6772,0.09203628398318374
7304,0.024990115805584766
689,0.1422812370977373
2241,0.08707059417000557
3245,0.5859447871649873
6963,7.508521189033159e-05
9033,7.508521189033159e-05
7345,7.508521189033159e-05
5067,7.508521189033159e-05
9984,7.508521189033159e-05
208,7.508521189033159e-05
7759,0.302259320384893
1070,7.508521189033159e-05
2303,7.508521189033159e-05
2298,7.508521189033159e-05
8128,0.18278491554142196
8880,0.02030536020018489
5521,7.508521189033159e-05
2032,7.508521189033159e-05
7180,0.2852531671991815
8536,0.5780197917365805
3952,7.508521189033159e-05
9178,7.508521189033159e-05
2646,7.508521189033159e-05
8114,7.508521189033159e-05
9712,7.508521189033159e-05
1126,7.508521189033159e-05
408,7.508521189033159e-05
6312,0.24595532678728346
1152,0.4426262374836212
4297,7.508521189033159e-05
587,0.11918963538696098
5339,0.5768931422851487
3624,7.508521189033159e-05
1751,7.508521189033159e-05
9294,0.3155432037790473
519,0.2875623215334175
2529,7.508521189033159e-05
1572,7.508521189033159e-05
2517,7.508521189033159e-05
6793,7.508521189033159e-05
3803,0.257401480164948
1518,7.508521189033159e-05
6237,7.508521189033159e-05
9533,0.5679200570021881
3645,0.13169178221273137
3229,7.508521189033159e-05
4445,0.019192290342702586
9754,0.4279448107544549
4879,7.508521189033159e-05
4888,0.0935342456417556
6791,7.508521189033159e-05
7507,7.508521189033159e-05
3774,7.508521189033159e-05
7264,0.3444537390847727
6570,0.5398820629582761
5559,7.508521189033159e-05
4426,0.5980781748097916
7685,7.508521189033159e-05
7161,0.5332964815950048
128,7.508521189033159e-05
2388,0.6062839229471785
9718,7.508521189033159e-05
6543,7.508521189033159e-05
7841,0.10763540241093558
1730,0.18906073703301615
5743,7.508521189033159e-05
7059,7.508521189033159e-05
4334,0.38421119845052865
5568,0.002273625133513615
5504,7.508521189033159e-05
4912,7.508521189033159e-05
7793,0.07305996486128798
9463,0.6062972741049871
3304,0.11898808161424704
2519,7.508521189033159e-05
8877,7.508521189033159e-05
503,0.5971399713983591
8106,0.4505112580353211
1846,0.10315344068548246
6525,0.10171772156022428
7108,0.5807490054216072
4252,7.508521189033159e-05
646,7.508521189033159e-05
1930,7.508521189033159e-05
387,0.03580333031339101
8799,7.508521189033159e-05
4012,7.508521189033159e-05
3037,7.508521189033159e-05
598,0.554715192379938
3257,0.005564780182667702
2970,7.508521189033159e-05
421,0.15173127313000467
6068,0.6040044758253029
8426,7.508521189033159e-05
6721,7.508521189033159e-05
3453,0.3484414631842688
4190,7.508521189033159e-05
858,0.3900589011294899
3806,0.004419495649380669
1065,7.508521189033159e-05
7238,7.508521189033159e-05
1969,7.508521189033159e-05
7824,7.508521189033159e-05
1094,0.5395139819722111
8209,0.2393988771447676
4463,0.3142789682909891
8370,0.02536221282710693
3776,0.2773877793082017
4998,7.508521189033159e-05
5956,7.508521189033159e-05
8251,0.5753311550111101
8662,7.508521189033159e-05
3740,7.508521189033159e-05
5503,0.07879236383221855
7928,0.37358861325312387
9496,7.508521189033159e-05
4399,7.508521189033159e-05
3746,7.508521189033159e-05
7613,0.22644257347842664
5062,0.004535272549539844
6328,7.508521189033159e-05
6385,7.508521189033159e-05
6686,7.508521189033159e-05
8140,7.508521189033159e-05
5401,0.10086650884769531
9878,7.508521189033159e-05
914,7.508521189033159e-05
3927,7.508521189033159e-05
7837,7.508521189033159e-05
2761,0.01200721624600159
7525,0.5840980861894208
5095,7.508521189033159e-05
7832,7.508521189033159e-05
9364,7.508521189033159e-05
6511,7.508521189033159e-05
6720,7.508521189033159e-05
8274,7.508521189033159e-05
1424,0.6055466033552735
4240,7.508521189033159e-05
5858,7.508521189033159e-05
5065,0.5514242564045222
1532,7.508521189033159e-05
8409,7.508521189033159e-05
8326,7.508521189033159e-05
71,7.508521189033159e-05
4295,7.508521189033159e-05
7646,7.508521189033159e-05
3558,7.508521189033159e-05
8081,7.508521189033159e-05
5316,0.1320671029465115
3960,7.508521189033159e-05
5241,7.508521189033159e-05
3866,0.0382372984065133
1113,7.508521189033159e-05
231,7.508521189033159e-05
3675,0.004492048950906849
7838,0.28177292659562087
8924,7.508521189033159e-05
6382,7.508521189033159e-05
5734,0.018493566451467495
5711,7.508521189033159e-05
2362,7.508521189033159e-05
8601,0.2891519236589672
7502,0.16185588275842253
3947,7.508521189033159e-05
6844,7.508521189033159e-05
9523,7.508521189033159e-05
174,0.0768990654503504
5046,7.508521189033159e-05
2795,0.002273625133513615
6315,0.2076415197921234
6105,0.027593465566081433
2631,7.508521189033159e-05
7423,7.508521189033159e-05
9608,7.508521189033159e-05
2460,7.508521189033159e-05
7444,7.508521189033159e-05
1926,7.508521189033159e-05
7043,0.03592653492883735
828,0.13299257866060174
1723,7.508521189033159e-05
1925,7.508521189033159e-05
5155,0.003985491208325776
923,0.6054276226969898
896,7.508521189033159e-05
126,7.508521189033159e-05
7412,7.508521189033159e-05
7683,7.508521189033159e-05
2680,7.508521189033159e-05
4075,0.30904575079299684
5228,0.07133451530558071
185,0.018728422373980754
1694,0.038073620545683945
1682,0.0032029269479175366
3843,7.508521189033159e-05
2183,0.4144130745958664
9365,7.508521189033159e-05
761,0.003252357061083426
4662,0.04788880728053609
9427,7.508521189033159e-05
6649,7.508521189033159e-05
3799,7.508521189033159e-05
5047,7.508521189033159e-05
911,7.508521189033159e-05
9810,7.508521189033159e-05
1216,0.26229115824525967
6277,0.005749045644707566
4120,0.01873220787661505
7278,7.508521189033159e-05
4846,7.508521189033159e-05
2356,7.508521189033159e-05
7801,7.508521189033159e-05
8484,0.6053254148239343
471,0.08803430131740257
5144,0.1901584814321585
2256,7.508521189033159e-05
1920,0.15329295702085846
1954,7.508521189033159e-05
5032,7.508521189033159e-05
2896,7.508521189033159e-05
6151,7.508521189033159e-05
9220,7.508521189033159e-05
303,0.15867080429816446
9750,7.508521189033159e-05
6476,7.508521189033159e-05
9994,0.030904503798850614
1964,7.508521189033159e-05
9392,7.508521189033159e-05
1039,7.508521189033159e-05
8126,7.508521189033159e-05
9765,7.508521189033159e-05
7527,0.43937208927308513
989,7.508521189033159e-05
1244,7.508521189033159e-05
8512,0.014617296035752817
2500,7.508521189033159e-05
2733,7.508521189033159e-05
8018,7.508521189033159e-05
2972,7.508521189033159e-05
1747,7.508521189033159e-05
870,0.26246817828116215
4952,0.00657619212348898
9413,7.508521189033159e-05
9679,0.5027123305687264
2102,7.508521189033159e-05
8310,7.508521189033159e-05
2894,7.508521189033159e-05
4973,0.3728291537651886
1696,7.508521189033159e-05
114,0.2695401359574895
8337,7.508521189033159e-05
4697,0.4993007058006808
69,7.508521189033159e-05
4921,0.25462124457386015
4214,0.01874177546407386
1142,0.24018724041036255
2539,0.3464292941181377
7282,7.508521189033159e-05
5688,7.508521189033159e-05
8447,7.508521189033159e-05
1414,0.07759921727024008
6074,7.508521189033159e-05
8901,7.508521189033159e-05
8549,7.508521189033159e-05
7260,0.10550973541952628
7725,7.508521189033159e-05
6842,7.508521189033159e-05
4480,0.4511099237210418
4596,0.08215215606442984
8087,7.508521189033159e-05
1654,0.0035950208224390778
6021,7.508521189033159e-05
6827,0.3155283055746701
222,0.43062493161854426
8683,0.5970546108421754
3191,7.508521189033159e-05
8807,7.508521189033159e-05
3443,0.226607245247192
2850,0.009096145716239633
6674,0.037610938186261406
3098,7.508521189033159e-05
6954,7.508521189033159e-05
2622,7.508521189033159e-05
3426,0.06295462825092348
6805,0.33528723297695445
3086,7.508521189033159e-05
8374,0.0281497546737813
1509,7.508521189033159e-05
486,7.508521189033159e-05
4690,7.508521189033159e-05
1392,7.508521189033159e-05
7025,7.508521189033159e-05
4704,7.508521189033159e-05
9813,7.508521189033159e-05
8453,7.508521189033159e-05
4230,0.26991540839703204
2119,7.508521189033159e-05
8779,7.508521189033159e-05
5730,7.508521189033159e-05
1036,7.508521189033159e-05
4731,0.2736034742432071
5265,7.508521189033159e-05
5702,7.508521189033159e-05
2132,0.022616994106353788
9593,0.04086837230615377
8199,7.508521189033159e-05
7760,0.5433385104913211
5672,0.060423239713867316
4864,0.604294667927738
5178,0.04402328836474883
5804,7.508521189033159e-05
1318,7.508521189033159e-05
5112,0.33472652311529333
8682,7.508521189033159e-05
4798,7.508521189033159e-05
9438,7.508521189033159e-05
5948,7.508521189033159e-05
4523,0.4143897625127936
5813,0.4960346773565213
7135,7.508521189033159e-05
7898,0.00657619212348898
4590,0.0700071281843321
1709,0.14468234804899194
915,7.508521189033159e-05
4028,0.531456108678831
1396,7.508521189033159e-05
7639,7.508521189033159e-05
7392,0.18966869803527003
5585,7.508521189033159e-05
6140,7.508521189033159e-05
305,7.508521189033159e-05
1928,7.508521189033159e-05
1836,7.508521189033159e-05
5603,0.004874351384365875
5546,7.508521189033159e-05
1031,7.508521189033159e-05
3713,0.04431331351522991
6598,7.508521189033159e-05
8281,0.5141541596232883
6040,0.5756752683717759
8142,7.508521189033159e-05
2717,0.32731731833372174
7751,0.2987090742540566
5437,7.508521189033159e-05
1793,7.508521189033159e-05
7659,7.508521189033159e-05
9625,0.041201216846392566
3081,7.508521189033159e-05
62,7.508521189033159e-05
9395,7.508521189033159e-05
359,7.508521189033159e-05
9789,0.005564780182667702
675,7.508521189033159e-05
1585,7.508521189033159e-05
7558,0.001350014794559843
1086,0.05783445014672387
6806,0.053463122396755186
2711,7.508521189033159e-05
1187,0.4676055320162014
2740,7.508521189033159e-05
9707,0.008151281628850262
5641,7.508521189033159e-05
5755,7.508521189033159e-05
3651,7.508521189033159e-05
894,7.508521189033159e-05
3106,7.508521189033159e-05
180,7.508521189033159e-05
6738,0.5670231886385424
4132,7.508521189033159e-05
7082,0.03985415741856643
7996,7.508521189033159e-05
3638,7.508521189033159e-05
8472,7.508521189033159e-05
5308,0.5942249081546594
8055,7.508521189033159e-05
26,7.508521189033159e-05
9494,7.508521189033159e-05
990,7.508521189033159e-05
364,7.508521189033159e-05
460,7.508521189033159e-05
8855,7.508521189033159e-05
5925,7.508521189033159e-05
5266,7.508521189033159e-05
5443,7.508521189033159e-05
9864,7.508521189033159e-05
3123,0.16859444573234758
3141,7.508521189033159e-05
3130,0.012545056160698252
3784,7.508521189033159e-05
7549,0.37383733070671654
1275,0.04580317242223489
5770,7.508521189033159e-05
2648,0.5336585889090499
4115,7.508521189033159e-05
7786,7.508521189033159e-05
6578,0.41575497875299633
7246,7.508521189033159e-05
4601,7.508521189033159e-05
7117,7.508521189033159e-05
2499,7.508521189033159e-05
7862,7.508521189033159e-05
8845,7.508521189033159e-05
505,0.2428079811179714
6607,7.508521189033159e-05
3679,7.508521189033159e-05
841,7.508521189033159e-05
5703,7.508521189033159e-05
7057,0.5427683535032736
6874,0.008188883050764446
9218,7.508521189033159e-05
1987,7.508521189033159e-05
6116,7.508521189033159e-05
6089,7.508521189033159e-05
5623,7.508521189033159e-05
5785,0.020357560291670556
4210,7.508521189033159e-05
4360,7.508521189033159e-05
2473,7.508521189033159e-05
51,7.508521189033159e-05
1679,7.508521189033159e-05
3997,7.508521189033159e-05
211,7.508521189033159e-05
5537,0.07616395709317836
3767,0.010656073442942431
5273,0.5819798828224018
8974,7.508521189033159e-05
7286,0.4887876028340554
643,7.508521189033159e-05
9493,0.5609353134711753
2954,0.006297974517371055
8749,7.508521189033159e-05
3828,7.508521189033159e-05
3213,0.0033888733090660737
3362,7.508521189033159e-05
4820,0.08131559880583632
2377,7.508521189033159e-05
4517,7.508521189033159e-05
7484,0.2766714009783657
6084,7.508521189033159e-05
8458,7.508521189033159e-05
2726,7.508521189033159e-05
8493,0.008484323055701948
531,7.508521189033159e-05
2614,7.508521189033159e-05
7008,7.508521189033159e-05
5011,0.5228194780530963
813,0.6062972741049871
9041,7.508521189033159e-05
1183,7.508521189033159e-05
2959,7.508521189033159e-05
6907,7.508521189033159e-05
6708,0.5868136742074743
951,7.508521189033159e-05
5441,7.508521189033159e-05
9042,7.508521189033159e-05
887,7.508521189033159e-05
386,7.508521189033159e-05
1733,9.492817700115711e-05
4217,0.038839604375285434
2976,7.508521189033159e-05
1058,7.508521189033159e-05
3855,0.3684094372428489
3209,7.508521189033159e-05
6310,7.508521189033159e-05
7555,0.005997070887093336
1575,7.508521189033159e-05
9753,7.508521189033159e-05
2702,0.009076971190216892
2159,0.003990588921718871
7528,0.2613886840163486
9581,7.508521189033159e-05
8780,0.021201666036468142
5909,7.508521189033159e-05
8149,0.042946495294582415
4538,7.508521189033159e-05
5255,7.508521189033159e-05
18,7.508521189033159e-05
5425,0.043904093756759216
6075,7.508521189033159e-05
862,0.03983583554004514
5001,7.508521189033159e-05
2577,7.508521189033159e-05
3238,7.508521189033159e-05
5263,7.508521189033159e-05
5782,0.3337923049521189
2618,7.508521189033159e-05
1632,7.508521189033159e-05
9695,0.24987689187648118
3326,7.508521189033159e-05
4331,7.508521189033159e-05
3984,7.508521189033159e-05
1130,7.508521189033159e-05
8518,7.508521189033159e-05
5372,7.508521189033159e-05
4212,7.508521189033159e-05
1540,7.508521189033159e-05
7650,7.508521189033159e-05
6054,7.508521189033159e-05
4342,0.0012378323141937942
1236,7.508521189033159e-05
4348,0.49183442482931555
2533,0.42133793282048615
4803,0.05414100258758636
4901,7.508521189033159e-05
5748,0.2113289454447146
1917,7.508521189033159e-05
9334,0.5589941908863137
3484,7.508521189033159e-05
6694,0.03796869884000554
1531,7.508521189033159e-05
2121,0.060544266490618524
900,7.508521189033159e-05
9373,7.508521189033159e-05
4754,7.508521189033159e-05
7228,7.508521189033159e-05
2466,0.005479552894836738
9594,7.508521189033159e-05
5506,7.508521189033159e-05
3872,7.508521189033159e-05
8710,0.40879700573735195
5871,7.508521189033159e-05
1246,7.508521189033159e-05
8585,0.023529321788191976
6000,7.508521189033159e-05
9434,7.508521189033159e-05
7436,0.002294157489353171
8848,7.508521189033159e-05
4597,7.508521189033159e-05
4710,7.508521189033159e-05
66,7.508521189033159e-05
3685,0.07602575692336383
4629,7.508521189033159e-05
877,0.31787440188410154
3493,7.508521189033159e-05
5727,0.2621149280763927
8488,7.508521189033159e-05
1310,7.508521189033159e-05
7190,0.5923785181336304
5378,7.508521189033159e-05
8317,7.508521189033159e-05
2743,0.6021818340055448
3922,0.09528564737525048
4206,7.508521189033159e-05
9102,0.09225408406326586
2432,0.011859434958335125
5951,0.11675099025684049
9330,7.508521189033159e-05
1649,0.3795266914969613
7634,0.013230263709438089
8332,7.508521189033159e-05
6240,7.508521189033159e-05
787,0.17710469758415118
7125,0.6045841774804882
5826,7.508521189033159e-05
7354,0.45873373225924374
3421,7.508521189033159e-05
5391,7.508521189033159e-05
9890,7.508521189033159e-05
5279,0.40003917310023845
1731,0.45333674113301475
5359,7.508521189033159e-05
4900,0.24012209111282093
5791,7.508521189033159e-05
1691,7.508521189033159e-05
489,0.16080203212877126
5399,0.1691544080554041
1853,7.508521189033159e-05
7464,0.21846461232754208
1341,0.013776567443889522
7884,7.508521189033159e-05
7250,0.15165787323325783
9516,7.508521189033159e-05
5544,7.508521189033159e-05
1548,7.508521189033159e-05
2057,0.16551978721757934
5865,7.508521189033159e-05
5448,7.508521189033159e-05
3688,0.07063190197083336
9983,7.508521189033159e-05
959,0.6060025375703674
9742,7.508521189033159e-05
1260,0.0036360574175730576
973,0.23982009862799356
3232,7.508521189033159e-05
34,7.508521189033159e-05
1413,7.508521189033159e-05
9544,0.11477616533029808
9859,0.06301231753121389
8341,7.508521189033159e-05
1099,7.508521189033159e-05
1023,0.33366388436333283
4619,7.508521189033159e-05
365,0.06157933408788618
7268,7.508521189033159e-05
7034,7.508521189033159e-05
6714,7.508521189033159e-05
5856,7.508521189033159e-05
4598,0.03037567179329031
1429,7.508521189033159e-05
3379,7.508521189033159e-05
830,7.508521189033159e-05
3989,0.07050295552753125
3446,7.508521189033159e-05
9846,0.44139684055321665
5831,0.45985085482665455
3673,7.508521189033159e-05
6196,7.508521189033159e-05
715,7.508521189033159e-05
4816,0.004241341028642796
9574,7.508521189033159e-05
4886,7.508521189033159e-05
8186,0.005564780182667702
1068,0.08666235314442597
9081,7.508521189033159e-05
5960,7.508521189033159e-05
1390,7.508521189033159e-05
4175,7.508521189033159e-05
6941,0.013514896895469584
6282,0.5526207862754178
4686,0.4137446056986026
4283,7.508521189033159e-05
9563,7.508521189033159e-05
7480,7.508521189033159e-05
8364,7.508521189033159e-05
3910,0.029881044909233535
2092,7.508521189033159e-05
1739,7.508521189033159e-05
64,7.508521189033159e-05
490,0.15059173169216206
7172,0.020401004933685855
1862,0.025298713109065063
3210,7.508521189033159e-05
1313,7.508521189033159e-05
4970,7.508521189033159e-05
4986,7.508521189033159e-05
2,7.508521189033159e-05
7038,0.10049734609857436
7339,7.508521189033159e-05
4738,0.2490044296413623
6985,7.508521189033159e-05
6156,7.508521189033159e-05
7678,7.508521189033159e-05
735,7.508521189033159e-05
3907,0.543002719176072
6097,7.508521189033159e-05
2534,0.002979872531116876
5946,7.508521189033159e-05
8442,0.22334776157014244
8984,7.508521189033159e-05
4326,7.508521189033159e-05
109,7.508521189033159e-05
7982,7.508521189033159e-05
1015,7.508521189033159e-05
6171,0.002784081754750197
3138,0.29782265539296093
7175,7.508521189033159e-05
351,7.508521189033159e-05
7561,0.004535272549539844
2099,0.012337023853561899
6685,0.3957976526649154
7641,0.5575967421850424
6739,0.2899890644452385
6958,0.3762416747111966
1299,0.5924332901827583
2345,0.5670192438631063
6929,7.508521189033159e-05
1445,7.508521189033159e-05
1857,0.5888004639172276
2016,7.508521189033159e-05
3913,0.01342426512481307
8952,7.508521189033159e-05
2130,7.508521189033159e-05
1453,0.547084349905798
393,7.508521189033159e-05
1830,7.508521189033159e-05
6659,7.508521189033159e-05
1526,7.508521189033159e-05
2094,0.12124124589905487
9011,7.508521189033159e-05
9787,7.508521189033159e-05
1816,7.508521189033159e-05
4131,7.508521189033159e-05
1419,0.002428486369340215
2205,7.508521189033159e-05
1274,7.508521189033159e-05
1765,0.48482386528513055
6794,7.508521189033159e-05
9326,7.508521189033159e-05
979,0.4443299093878848
3036,0.26176349893545325
4844,7.508521189033159e-05
2565,0.6050942964486604
716,0.42680275114351934
2555,0.2717565382584539
5845,7.508521189033159e-05
8417,7.508521189033159e-05
5108,7.508521189033159e-05
5022,7.508521189033159e-05
37,7.508521189033159e-05
8406,7.508521189033159e-05
1628,7.508521189033159e-05
6610,0.5241270821803287
801,7.508521189033159e-05
335,0.3802645398357488
9261,0.07538763222325275
7728,0.08513318974280583
3878,0.4687897560451388
2992,0.1900372976640618
5531,0.012982517212893603
209,7.508521189033159e-05
1777,7.508521189033159e-05
5242,0.15265309619248324
2011,7.508521189033159e-05
8189,0.1293522650290094
7514,7.508521189033159e-05
2923,7.508521189033159e-05
3787,0.5993272110929366
8457,0.5592221218315311
1530,0.5300897463015342
6521,7.508521189033159e-05
7456,7.508521189033159e-05
4049,7.508521189033159e-05
5024,0.05508239007613926
4934,7.508521189033159e-05
8474,7.508521189033159e-05
9979,0.0022249995314093263
8093,7.508521189033159e-05
7658,0.042960416411390485
2074,9.492817700115711e-05
8028,7.508521189033159e-05
2206,7.508521189033159e-05
4138,7.508521189033159e-05
7906,7.508521189033159e-05
3948,0.6062972741049871
6244,7.508521189033159e-05
1467,0.08132413397863099
5750,0.4152773663564172
8781,0.5312369053867092
3090,0.03037567179329031
7848,0.5922532052163234
721,7.508521189033159e-05
2641,7.508521189033159e-05
8297,7.508521189033159e-05
7202,0.0674209803274869
3041,7.508521189033159e-05
7337,7.508521189033159e-05
880,7.508521189033159e-05
1364,7.508521189033159e-05
8279,7.508521189033159e-05
6036,0.007000154118226215
6356,0.113198453504412
2100,7.508521189033159e-05
9786,7.508521189033159e-05
8600,7.508521189033159e-05
4907,7.508521189033159e-05
4693,0.5989312903543744
5622,7.508521189033159e-05
6030,7.508521189033159e-05
1340,7.508521189033159e-05
3605,7.508521189033159e-05
4928,0.22125057865636555
3471,0.004425190161736922
994,7.508521189033159e-05
9626,0.08974111451476313
7823,7.508521189033159e-05
7569,0.5355797361520859
3333,0.4251338716976127
8916,7.508521189033159e-05
448,7.508521189033159e-05
3185,7.508521189033159e-05
6191,7.508521189033159e-05
3394,7.508521189033159e-05
2126,7.508521189033159e-05
348,7.508521189033159e-05
4528,0.6062972741049871
9545,0.45393502445660366
7477,0.26560702432663946
5149,7.508521189033159e-05
6885,7.508521189033159e-05
8666,0.03302068695664777
7615,0.04851213004795704
6092,7.508521189033159e-05
7489,7.508521189033159e-05
7919,0.5085768015553961
8822,0.22131877386787832
444,7.508521189033159e-05
1727,0.17676099385264396
3220,0.046783587658616836
7885,7.508521189033159e-05
9565,7.508521189033159e-05
3662,7.508521189033159e-05
2338,0.23117237405307672
9394,0.10547301875149426
7708,7.508521189033159e-05
6085,7.508521189033159e-05
7612,7.508521189033159e-05
8707,7.508521189033159e-05
6231,7.508521189033159e-05
1832,7.508521189033159e-05
7262,7.508521189033159e-05
3876,7.508521189033159e-05
7430,7.508521189033159e-05
3823,0.003193984509887649
9572,7.508521189033159e-05
1583,0.00899802884145165
2569,7.508521189033159e-05
593,0.28381195158387595
3038,0.25138759654159054
8725,7.508521189033159e-05
4378,0.08836887115473728
4625,0.06538844328965181
4633,0.025349188560586242
3371,7.508521189033159e-05
5385,7.508521189033159e-05
2791,7.508521189033159e-05
9043,7.508521189033159e-05
5999,7.508521189033159e-05
8711,0.0029973717535890054
4511,7.508521189033159e-05
6971,7.508521189033159e-05
106,7.508521189033159e-05
8246,0.56850187892445
88,7.508521189033159e-05
6403,7.508521189033159e-05
8076,7.508521189033159e-05
7309,0.06059697734878161
8641,0.41079724909950016
1528,7.508521189033159e-05
5587,0.33834130215968733
1451,0.4306371979754363
1655,7.508521189033159e-05
2197,7.508521189033159e-05
3655,0.03177978533293248
96,7.508521189033159e-05
9402,0.5825629613344923
5071,7.508521189033159e-05
3187,7.508521189033159e-05
5927,7.508521189033159e-05
3079,0.002273625133513615
7197,0.26728149595913026
9339,7.508521189033159e-05
574,0.5367454463320308
7168,0.04257372277032993
3351,0.07163614504359059
8652,7.508521189033159e-05
2296,7.508521189033159e-05
9961,7.508521189033159e-05
9534,0.002273625133513615
5685,7.508521189033159e-05
86,7.508521189033159e-05
8153,7.508521189033159e-05
8960,0.5359781217122079
810,7.508521189033159e-05
7499,7.508521189033159e-05
1350,0.37920051208429584
1887,0.2032296354102337
9232,7.508521189033159e-05
1754,7.508521189033159e-05
6081,7.508521189033159e-05
8036,7.508521189033159e-05
1620,0.020202939755242327
7909,7.508521189033159e-05
7050,7.508521189033159e-05
4749,0.3579133025138105
4545,7.508521189033159e-05
4933,7.508521189033159e-05
3177,7.508521189033159e-05
599,0.48069722073991916
6658,0.1870848263194632
2328,7.508521189033159e-05
7364,7.508521189033159e-05
7013,0.26714420862463517
6655,7.508521189033159e-05
3730,7.508521189033159e-05
5726,0.02107506524809934
8491,7.508521189033159e-05
4540,7.508521189033159e-05
1810,0.5872100566361098
3762,7.508521189033159e-05
3820,7.508521189033159e-05
6218,7.508521189033159e-05
9204,7.508521189033159e-05
1075,7.508521189033159e-05
9812,7.508521189033159e-05
46,7.508521189033159e-05
6587,7.508521189033159e-05
4422,7.508521189033159e-05
8127,7.508521189033159e-05
4980,7.508521189033159e-05
7105,7.508521189033159e-05
2957,7.508521189033159e-05
2162,7.508521189033159e-05
9571,7.508521189033159e-05
8308,7.508521189033159e-05
9462,0.12846344614467956
358,7.508521189033159e-05
3858,7.508521189033159e-05
5753,7.508521189033159e-05
4953,0.4954762384590171
9013,7.508521189033159e-05
8661,0.1610098894240216
4124,7.508521189033159e-05
701,0.31494670156482335
4030,7.508521189033159e-05
5009,0.1390455437953481
2819,7.508521189033159e-05
8940,0.5772071693815979
9489,0.4906437414392119
4732,0.006991176847085372
2707,0.043904093756759216
7350,0.005461666186894765
3591,7.508521189033159e-05
7297,7.508521189033159e-05
2867,7.508521189033159e-05
957,7.508521189033159e-05
9307,0.1359452127057916
8441,7.508521189033159e-05
9801,7.508521189033159e-05
6629,7.508521189033159e-05
6015,0.20091430636463334
1433,7.508521189033159e-05
939,0.03877508211200906
8589,7.508521189033159e-05
3133,7.508521189033159e-05
5287,7.508521189033159e-05
212,0.023724907523471134
3151,0.18760951463505587
5261,0.5991257742859379
9315,7.508521189033159e-05
1912,0.4807312218825146
266,7.508521189033159e-05
7369,7.508521189033159e-05
6242,0.01913269590773858
9873,0.5850960404422142
4856,0.0031211694595602857
564,7.508521189033159e-05
5561,7.508521189033159e-05
9884,7.508521189033159e-05
2915,7.508521189033159e-05
473,7.508521189033159e-05
3431,7.508521189033159e-05
5709,0.023343972302275917
6707,0.12083006303342671
1033,0.04346930475691215
9065,7.508521189033159e-05
6776,7.508521189033159e-05
4759,0.523433222246899
3851,7.508521189033159e-05
1813,0.07323983098606622
7985,7.508521189033159e-05
9268,7.508521189033159e-05
6917,7.508521189033159e-05
6077,0.0035680741371614828
713,7.508521189033159e-05
3442,0.5355875405189124
5215,7.508521189033159e-05
4848,7.508521189033159e-05
3100,7.508521189033159e-05
3327,0.030318995838942316
6581,7.508521189033159e-05
3259,7.508521189033159e-05
9623,7.508521189033159e-05
4996,7.508521189033159e-05
8836,7.508521189033159e-05
2128,0.33296075296141076
59,7.508521189033159e-05
4221,7.508521189033159e-05
8425,0.5576647497125555
9717,7.508521189033159e-05
6359,7.508521189033159e-05
1883,7.508521189033159e-05
9542,7.508521189033159e-05
2350,0.09345847620814225
4916,7.508521189033159e-05
628,0.3338727109256508
2349,7.508521189033159e-05
1229,7.508521189033159e-05
5182,7.508521189033159e-05
6266,7.508521189033159e-05
5567,7.508521189033159e-05
4106,7.508521189033159e-05
5191,0.44949743922730057
9917,0.5942626108600244
9238,7.508521189033159e-05
1194,0.13645923966890677
9038,0.4846319997055277
7001,0.005755162882301473
6452,7.508521189033159e-05
7458,0.6008489169048657
6298,7.508521189033159e-05
3671,7.508521189033159e-05
3235,0.30363958063065644
7085,7.508521189033159e-05
609,7.508521189033159e-05
3797,7.508521189033159e-05
4102,0.0599549835433902
748,0.5935328026578431
931,0.03949459496018571
8519,0.002669361526742183
1801,7.508521189033159e-05
1705,7.508521189033159e-05
1305,0.38808324795539667
3687,7.508521189033159e-05
3061,7.508521189033159e-05
1041,0.45080874415798244
8630,7.508521189033159e-05
9764,7.508521189033159e-05
7517,7.508521189033159e-05
2852,7.508521189033159e-05
9562,7.508521189033159e-05
152,7.508521189033159e-05
5976,0.6062972741049871
5456,7.508521189033159e-05
2737,7.508521189033159e-05
8250,7.508521189033159e-05
7891,7.508521189033159e-05
1963,0.6039042473717662
4556,7.508521189033159e-05
5530,0.012103533877722495
4529,7.508521189033159e-05
291,7.508521189033159e-05
3228,7.508521189033159e-05
9123,0.0002761506549742739
7126,0.14612955911996542
1439,0.1474325100404144
5249,7.508521189033159e-05
5340,7.508521189033159e-05
3159,7.508521189033159e-05
354,7.508521189033159e-05
8342,0.6062972741049871
4216,0.5159929440475203
284,7.508521189033159e-05
9340,0.014149163396398743
5572,0.6022709807495551
2284,7.508521189033159e-05
1078,7.508521189033159e-05
4904,0.02897341461305799
9628,7.508521189033159e-05
3246,7.508521189033159e-05
8882,0.2077346454293692
9420,7.508521189033159e-05
3404,7.508521189033159e-05
1348,7.508521189033159e-05
3571,7.508521189033159e-05
4314,7.508521189033159e-05
8634,7.508521189033159e-05
2000,7.508521189033159e-05
6756,0.1289757192579737
5331,7.508521189033159e-05
9229,0.0570570914149966
2823,7.508521189033159e-05
3906,0.004413620317374927
1698,0.593508932688073
1561,7.508521189033159e-05
3536,7.508521189033159e-05
7872,7.508521189033159e-05
1902,7.508521189033159e-05
4172,0.5304672647066782
8576,7.508521189033159e-05
8738,7.508521189033159e-05
3403,0.1262749588605638
2939,0.510429070060874
6860,7.508521189033159e-05
5657,0.004476618130645096
7513,0.32395298928351857
7074,7.508521189033159e-05
7543,0.4852024525246377
7016,7.508521189033159e-05
7682,7.508521189033159e-05
9611,7.508521189033159e-05
3178,7.508521189033159e-05
24,7.508521189033159e-05
1205,0.2705495555019453
8058,7.508521189033159e-05
2710,7.508521189033159e-05
376,0.47508539785595466
3928,7.508521189033159e-05
6706,0.42809980906506767
1895,0.04292706536033908
3977,0.3926202798779237
8709,0.23571396383403317
1285,7.508521189033159e-05
4051,0.29143726348175053
287,7.508521189033159e-05
7279,0.5892356580149579
1662,0.3021527722778499
1248,0.0601275417832033
9903,7.508521189033159e-05
2979,7.508521189033159e-05
1794,7.508521189033159e-05
8792,7.508521189033159e-05
7271,0.18386562176057494
5172,7.508521189033159e-05
2642,7.508521189033159e-05
5023,7.508521189033159e-05
1287,7.508521189033159e-05
9909,0.054521190882393544
8732,7.508521189033159e-05
6682,0.4326336447348863
741,7.508521189033159e-05
2888,0.13228677947719103
9176,0.08166678290899088
4161,7.508521189033159e-05
2389,7.508521189033159e-05
2909,7.508521189033159e-05
9709,7.508521189033159e-05
4914,7.508521189033159e-05
8685,0.36069915000925634
5213,0.2765166882380189
5188,0.12090254049031074
5834,7.508521189033159e-05
7141,7.508521189033159e-05
3594,7.508521189033159e-05
7876,7.508521189033159e-05
6983,7.508521189033159e-05
7289,0.1493807506195818
6596,0.6056789868403192
9119,0.3726467993814633
8443,7.508521189033159e-05
1029,0.14801665908389705
8986,7.508521189033159e-05
8454,7.508521189033159e-05
4333,7.508521189033159e-05
2059,7.508521189033159e-05
4931,7.508521189033159e-05
3150,7.508521189033159e-05
3710,0.5845910701977428
8089,7.508521189033159e-05
4937,0.369580786993034
1589,0.5069930108409848
4806,7.508521189033159e-05
6555,7.508521189033159e-05
3355,7.508521189033159e-05
6350,7.508521189033159e-05
3548,7.508521189033159e-05
5919,0.2874319746973185
2721,0.01062796436461471
7256,7.508521189033159e-05
3950,7.508521189033159e-05
3172,7.508521189033159e-05
4059,7.508521189033159e-05
7741,0.5200314950962769
3582,7.508521189033159e-05
3085,0.012545056160698252
5980,0.0031674694712685806
1202,7.508521189033159e-05
1519,0.6057038156420207
6901,0.002273625133513615
1027,7.508521189033159e-05
5467,7.508521189033159e-05
6839,0.002273625133513615
3712,0.002176903978168977
8204,7.508521189033159e-05
9255,0.1565519883775896
8812,7.508521189033159e-05
1109,7.508521189033159e-05
363,0.4083342636632568
8239,7.508521189033159e-05
1525,7.508521189033159e-05
8446,7.508521189033159e-05
6681,7.508521189033159e-05
5543,0.025234485396745335
5482,7.508521189033159e-05
1774,7.508521189033159e-05
5291,7.508521189033159e-05
7736,7.508521189033159e-05
1797,7.508521189033159e-05
2332,7.508521189033159e-05
7946,0.1031896713044671
2193,7.508521189033159e-05
5473,7.508521189033159e-05
5693,0.539308646869618
565,7.508521189033159e-05
4807,7.508521189033159e-05
3307,7.508521189033159e-05
7223,0.04392753485544521
2397,7.508521189033159e-05
6994,0.4888920076860336
4654,7.508521189033159e-05
3236,7.508521189033159e-05
5961,0.5026611890260809
2681,0.6039042473717662
7177,7.508521189033159e-05
1312,7.508521189033159e-05
630,7.508521189033159e-05
2776,0.3210949327573372
7624,7.508521189033159e-05
3773,0.4919991492347504
620,7.508521189033159e-05
8700,7.508521189033159e-05
3239,7.508521189033159e-05
3884,0.04494955676765303
664,0.11664773233667283
5209,7.508521189033159e-05
5789,0.0800935299501842
8885,0.10635169891973702
3627,0.3871903019506825
7139,0.036747962345530724
5897,0.12137775576910097
9246,0.017291547808461163
9573,7.508521189033159e-05
6487,7.508521189033159e-05
5781,0.5240950818800895
8557,0.287092086288963
3120,7.508521189033159e-05
4265,7.508521189033159e-05
4340,0.5006747355376523
5718,0.514264144446217
3280,7.508521189033159e-05
2033,7.508521189033159e-05
7210,7.508521189033159e-05
1259,7.508521189033159e-05
411,7.508521189033159e-05
6399,7.508521189033159e-05
8859,0.23060282031522508
6916,7.508521189033159e-05
233,7.508521189033159e-05
6538,0.0018482047625936848
1520,0.05734718320389968
5588,0.18244878080376267
1155,7.508521189033159e-05
5066,7.508521189033159e-05
4651,7.508521189033159e-05
1025,0.216989909331269
8745,7.508521189033159e-05
5637,7.508521189033159e-05
1875,7.508521189033159e-05
1735,0.5909033896133714
3415,0.5523727376574508
9457,7.508521189033159e-05
3388,7.508521189033159e-05
3976,7.508521189033159e-05
3278,7.508521189033159e-05
4640,7.508521189033159e-05
4565,7.508521189033159e-05
8837,7.508521189033159e-05
8694,7.508521189033159e-05
1798,7.508521189033159e-05
3064,0.22116201378176897
4777,7.508521189033159e-05
8478,0.29843327666424757
5746,7.508521189033159e-05
5333,0.5194546553403673
6044,7.508521189033159e-05
1965,7.508521189033159e-05
1802,0.013237720521980117
7253,0.1807822334861116
3069,7.508521189033159e-05
5048,7.508521189033159e-05
1146,0.0011051164679816783
4899,7.508521189033159e-05
409,7.508521189033159e-05
4632,7.508521189033159e-05
7023,0.2623553935697267
2626,0.5758523721003688
7301,0.17170676256835654
5554,7.508521189033159e-05
6752,0.5894550261754619
6680,7.508521189033159e-05
296,7.508521189033159e-05
819,7.508521189033159e-05
928,7.508521189033159e-05
221,0.298359221409391
4318,7.508521189033159e-05
1951,0.4366306202752132
6542,0.2414328622772495
3241,7.508521189033159e-05
1622,7.508521189033159e-05
5491,7.508521189033159e-05
4951,7.508521189033159e-05
2558,7.508521189033159e-05
7809,0.3589057755746375
1560,7.508521189033159e-05
6324,7.508521189033159e-05
9862,0.08866670922282997
1772,7.508521189033159e-05
4985,0.40880260079799186
5423,7.508521189033159e-05
5484,7.508521189033159e-05
5075,0.00927034740459703
8698,0.0036110485982884825
6699,7.508521189033159e-05
7999,7.508521189033159e-05
5115,7.508521189033159e-05
6832,7.508521189033159e-05
8793,7.508521189033159e-05
963,7.508521189033159e-05
4923,7.508521189033159e-05
6404,7.508521189033159e-05
524,7.508521189033159e-05
6421,0.04691769913025483
356,7.508521189033159e-05
9179,0.0814851347030106
5597,0.22233853313093885
9539,0.4687662469898498
6928,7.508521189033159e-05
5955,7.508521189033159e-05
6408,7.508521189033159e-05
4630,7.508521189033159e-05
2849,0.057612416757731696
9918,7.508521189033159e-05
3707,0.05042601439216367
2266,7.508521189033159e-05
7997,7.508521189033159e-05
7044,7.508521189033159e-05
4549,7.508521189033159e-05
248,0.002273625133513615
9916,0.020278228101996275
2930,7.508521189033159e-05
279,7.508521189033159e-05
589,7.508521189033159e-05
6981,0.46840107043273677
9306,0.21412698927643095
9263,7.508521189033159e-05
8693,7.508521189033159e-05
6368,7.508521189033159e-05
9818,7.508521189033159e-05
5579,0.015451755887214768
1389,0.45060203675630284
3017,7.508521189033159e-05
9923,0.14641863917751408
7715,7.508521189033159e-05
5094,7.508521189033159e-05
349,7.508521189033159e-05
119,7.508521189033159e-05
4536,0.11362637636168202
622,0.4958640198001704
5005,0.002979872531116876
2508,7.508521189033159e-05
3560,0.04324218917342699
9116,7.508521189033159e-05
7972,7.508521189033159e-05
856,7.508521189033159e-05
4136,0.008553090377399281
8006,0.33744045544821494
5089,7.508521189033159e-05
4451,7.508521189033159e-05
7700,7.508521189033159e-05
5195,0.024712962463285706
9850,0.42301535522922523
4593,7.508521189033159e-05
4177,0.575056113416172
3033,0.5799807149041427
3715,7.508521189033159e-05
3706,0.008660785534651523
8086,0.5148420742833186
7026,0.2258945778304047
7814,7.508521189033159e-05
7633,7.508521189033159e-05
5294,7.508521189033159e-05
9501,0.4130606491010109
4575,0.0073927507187256936
520,7.508521189033159e-05
3515,0.5988924267994878
9359,7.508521189033159e-05
5805,7.508521189033159e-05
8872,7.508521189033159e-05
4685,7.508521189033159e-05
4107,0.011160484181910879
651,7.508521189033159e-05
9213,7.508521189033159e-05
9267,0.029052795261570594
2320,0.031423472687886166
2308,0.49770442140769283
9955,0.0352998242406819
6013,7.508521189033159e-05
706,7.508521189033159e-05
7920,0.266101596153703
884,0.12755753479775456
6515,7.508521189033159e-05
5990,0.598416197119886
6905,7.508521189033159e-05
8176,7.508521189033159e-05
2827,7.508521189033159e-05
2993,7.508521189033159e-05
4764,7.508521189033159e-05
3933,0.4930237540489989
7192,0.5923785181336304
8893,0.09529320729729837
7927,0.32054337908328023
7792,0.07815120201212862
6155,0.5162933427129799
7825,7.508521189033159e-05
7047,7.508521189033159e-05
9407,7.508521189033159e-05
9661,0.24642257043238228
6975,7.508521189033159e-05
1067,0.524208682249604
3501,7.508521189033159e-05
8157,7.508521189033159e-05
2876,7.508521189033159e-05
5469,7.508521189033159e-05
4121,7.508521189033159e-05
2662,0.012982517212893603
4823,0.3040882527118915
6757,0.5211421091965104
3298,0.0025623448732074727
6742,7.508521189033159e-05
7003,0.37907214615456397
7842,7.508521189033159e-05
3909,0.17851584574279575
2352,7.508521189033159e-05
2401,7.508521189033159e-05
7094,7.508521189033159e-05
7441,7.508521189033159e-05
4225,7.508521189033159e-05
6689,7.508521189033159e-05
5442,0.5980188854560909
8066,7.508521189033159e-05
514,7.508521189033159e-05
9740,0.591626963510046
6889,7.508521189033159e-05
3800,0.5558180894689544
7822,0.6004831406226656
8771,7.508521189033159e-05
2575,0.0076878525591202555
926,7.508521189033159e-05
3163,7.508521189033159e-05
8344,7.508521189033159e-05
3958,0.11920189881100392
3609,0.6010322769618006
5875,0.1988338804894672
7954,7.508521189033159e-05
5649,0.4821545392966854
7401,7.508521189033159e-05
739,0.3452092729055471
3242,0.3048392274371505
2725,7.508521189033159e-05
4313,0.36943734362911296
6179,7.508521189033159e-05
4457,0.42828573844523093
4906,7.508521189033159e-05
290,7.508521189033159e-05
3423,7.508521189033159e-05
3495,7.508521189033159e-05
7396,7.508521189033159e-05
2927,0.015797765354939434
6377,7.508521189033159e-05
9158,7.508521189033159e-05
7500,0.017123476864136167
2538,0.006850776695687082
5183,7.508521189033159e-05
4637,0.022665813100311894
1658,0.5814588765579856
1434,7.508521189033159e-05
4827,7.508521189033159e-05
2380,0.6062972741049871
1106,0.006414350289856764
4957,7.508521189033159e-05
9415,7.508521189033159e-05
144,7.508521189033159e-05
3748,7.508521189033159e-05
728,7.508521189033159e-05
8582,7.508521189033159e-05
3024,0.054246073696515136
612,7.508521189033159e-05
561,7.508521189033159e-05
955,7.508521189033159e-05
2974,0.10866223756438488
3346,7.508521189033159e-05
6226,7.508521189033159e-05
865,7.508521189033159e-05
1223,7.508521189033159e-05
9607,0.012479031770550866
8524,7.508521189033159e-05
1143,0.5039092144361611
5302,7.508521189033159e-05
6943,7.508521189033159e-05
5686,7.508521189033159e-05
198,7.508521189033159e-05
7234,7.508521189033159e-05
8994,7.508521189033159e-05
1352,7.508521189033159e-05
9483,7.508521189033159e-05
6426,7.508521189033159e-05
6134,0.00281366597774893
3700,7.508521189033159e-05
4830,0.16127127972546038
3419,7.508521189033159e-05
9214,7.508521189033159e-05
9686,0.6023562162597416
2053,7.508521189033159e-05
169,0.5980521097553939
1241,7.508521189033159e-05
7312,0.009997917511526738
1026,7.508521189033159e-05
8194,0.3072732665514533
5,7.508521189033159e-05
488,0.008864867034332964
5286,7.508521189033159e-05
5346,0.22368627725135518
6052,0.2849907233138606
9897,7.508521189033159e-05
2003,7.508521189033159e-05
4910,7.508521189033159e-05
3831,0.6062972741049871
7808,7.508521189033159e-05
1684,7.508521189033159e-05
2438,0.18162937696483644
5078,7.508521189033159e-05
117,0.0885479732057744
786,7.508521189033159e-05
5963,7.508521189033159e-05
8679,7.508521189033159e-05
3462,7.508521189033159e-05
8021,0.5479796583430521
4788,7.508521189033159e-05
1231,0.5893366996744157
3043,7.508521189033159e-05
658,7.508521189033159e-05
6966,7.508521189033159e-05
7648,7.508521189033159e-05
7366,7.508521189033159e-05
3464,0.0110198434506416
891,7.508521189033159e-05
5257,7.508521189033159e-05
5135,0.009823687013859285
4834,0.009953588628305312
6526,7.508521189033159e-05
3200,0.11106735975010475
5411,0.05856218114639371
3543,7.508521189033159e-05
4537,0.18233674309308298
1337,7.508521189033159e-05
5793,7.508521189033159e-05
1851,7.508521189033159e-05
8978,0.6007648752742034
4720,7.508521189033159e-05
6911,7.508521189033159e-05
2190,0.08549507411207927
935,0.011173911135394638
9871,0.562586007002779
2027,7.508521189033159e-05
5800,7.508521189033159e-05
4548,7.508521189033159e-05
7806,7.508521189033159e-05
3794,7.508521189033159e-05
4976,7.508521189033159e-05
5691,7.508521189033159e-05
6230,7.508521189033159e-05
4851,0.0004637960268834154
5764,7.508521189033159e-05
7773,7.508521189033159e-05
4786,0.2225034729492743
6327,7.508521189033159e-05
4577,0.013674022040962826
4958,7.508521189033159e-05
7934,7.508521189033159e-05
8697,7.508521189033159e-05
9738,7.508521189033159e-05
1123,7.508521189033159e-05
8803,7.508521189033159e-05
9078,7.508521189033159e-05
4152,0.2212605565100783
182,0.008484323055701948
195,7.508521189033159e-05
6212,0.22885152831732275
6518,0.002979872531116876
6859,0.5665843000765117
8452,7.508521189033159e-05
7010,0.5348679169019681
7090,0.5624010387191928
230,0.03770833379468543
3761,0.06860007662924641
9941,7.508521189033159e-05
324,7.508521189033159e-05
5137,7.508521189033159e-05
7578,7.508521189033159e-05
5878,0.04532118781440098
1185,7.508521189033159e-05
3099,7.508521189033159e-05
8429,0.5136116931211057
4141,7.508521189033159e-05
8335,0.01893288523050228
2285,0.29159205461102067
3016,7.508521189033159e-05
5382,0.019027782866899105
2002,7.508521189033159e-05
890,0.011634062071226645
6195,7.508521189033159e-05
2890,0.015381544120607677
2899,0.022633287455634945
6609,7.508521189033159e-05
5380,0.3787034360758785
1781,7.508521189033159e-05
7686,7.508521189033159e-05
4639,0.1657889276569872
610,7.508521189033159e-05
7995,0.40411548126801494
5638,7.508521189033159e-05
2226,7.508521189033159e-05
2944,7.508521189033159e-05
9094,0.008649889452073218
6939,7.508521189033159e-05
7733,7.508521189033159e-05
3844,7.508521189033159e-05
2364,0.030710370138277657
3528,7.508521189033159e-05
1473,7.508521189033159e-05
742,0.23734423801353854
9177,7.508521189033159e-05
7049,7.508521189033159e-05
8541,7.508521189033159e-05
8229,7.508521189033159e-05
5895,7.508521189033159e-05
9559,0.1293522650290094
3076,7.508521189033159e-05
4726,0.5681040868018609
6299,7.508521189033159e-05
954,7.508521189033159e-05
4250,7.508521189033159e-05
4817,7.508521189033159e-05
4080,0.17631502334680427
6651,7.508521189033159e-05
1150,7.508521189033159e-05
559,7.508521189033159e-05
8289,0.006434856582467122
8339,0.277171700890352
429,7.508521189033159e-05
4534,0.07617748199373164
1533,7.508521189033159e-05
2843,7.508521189033159e-05
6624,7.508521189033159e-05
9728,7.508521189033159e-05
9133,0.0042341573303219604
4183,7.508521189033159e-05
1141,0.400071695071932
9658,7.508521189033159e-05
4519,7.508521189033159e-05
5742,0.10266138314592038
2133,7.508521189033159e-05
7027,0.5907654565665886
3201,7.508521189033159e-05
2803,7.508521189033159e-05
2482,7.508521189033159e-05
5343,7.508521189033159e-05
8802,0.13648260030235596
1374,7.508521189033159e-05
2513,7.508521189033159e-05
3625,7.508521189033159e-05
7663,7.508521189033159e-05
6234,7.508521189033159e-05
4635,0.5928378639315164
6409,7.508521189033159e-05
2250,0.5897999345904036
9472,0.5986151129355257
2360,0.3476259662304396
3676,0.008197288580351101
9814,0.015155708533228889
4014,7.508521189033159e-05
2024,7.508521189033159e-05
2967,7.508521189033159e-05
4863,0.6057112030565898
9552,7.508521189033159e-05
246,7.508521189033159e-05
9710,7.508521189033159e-05
8559,7.508521189033159e-05
3535,7.508521189033159e-05
2290,0.5822340163889963
7276,7.508521189033159e-05
2749,0.017856821087081018
4351,0.4054640619548819
6260,0.02718627820218834
8040,0.05677839701469609
5051,7.508521189033159e-05
3321,0.00300511797875359
2394,7.508521189033159e-05
3768,0.06796462500550227
2742,7.508521189033159e-05
2877,0.03262236534083221
2723,7.508521189033159e-05
1118,7.508521189033159e-05
6166,7.508521189033159e-05
8635,7.508521189033159e-05
5212,7.508521189033159e-05
582,0.42890428205631864
9329,7.508521189033159e-05
7461,0.564057143461562
9776,7.508521189033159e-05
7866,0.024815090248970294
6401,7.508521189033159e-05
5900,7.508521189033159e-05
3825,0.16314246736617943
2399,7.508521189033159e-05
7692,0.5310765828212345
225,0.14739697624977788
6346,0.02718627820218834
899,0.38084900294211704
8968,7.508521189033159e-05
2406,7.508521189033159e-05
2586,7.508521189033159e-05
8613,0.30974544661158104
1924,7.508521189033159e-05
3603,7.508521189033159e-05
2164,7.508521189033159e-05
986,0.32734776841726715
2789,7.508521189033159e-05
6439,0.007862736008401905
3751,7.508521189033159e-05
5716,7.508521189033159e-05
1404,0.014262823142641401
6710,7.508521189033159e-05
5671,7.508521189033159e-05
9363,7.508521189033159e-05
380,7.508521189033159e-05
8207,0.13985778821544423
8385,7.508521189033159e-05
5594,7.508521189033159e-05
4058,7.508521189033159e-05
1435,7.508521189033159e-05
5315,7.508521189033159e-05
7370,7.508521189033159e-05
5099,7.508521189033159e-05
8202,7.508521189033159e-05
3723,0.1130937277899136
7983,7.508521189033159e-05
6223,0.5755162058660462
481,7.508521189033159e-05
2405,7.508521189033159e-05
5620,7.508521189033159e-05
1706,7.508521189033159e-05
1371,7.508521189033159e-05
3455,7.508521189033159e-05
1683,7.508521189033159e-05
8336,0.528834424892414
3760,7.508521189033159e-05
7205,7.508521189033159e-05
6161,0.07324854014943641
3194,7.508521189033159e-05
8449,7.508521189033159e-05
9122,7.508521189033159e-05
8061,7.508521189033159e-05
1046,7.508521189033159e-05
5332,7.508521189033159e-05
1993,7.508521189033159e-05
1942,7.508521189033159e-05
2363,7.508521189033159e-05
720,0.6062839229471785
7895,0.03983991454464997
2657,7.508521189033159e-05
2476,0.005584939008207437
8878,0.21719392900766304
625,0.33539731076798923
397,7.508521189033159e-05
2851,7.508521189033159e-05
3648,7.508521189033159e-05
1356,0.24604302304010958
4424,7.508521189033159e-05
8440,0.5941964959112004
4682,7.508521189033159e-05
3233,0.12511163429588903
674,7.508521189033159e-05
2335,7.508521189033159e-05
1999,7.508521189033159e-05
2487,0.5973554652010882
5798,0.10412732277006857
3040,0.43976472700784086
7284,7.508521189033159e-05
4111,0.18701002253486426
2859,0.29939292248183386
3532,0.017123476864136167
3082,0.45140357165051986
9404,0.005749045644707566
3391,0.5920980422664381
9020,7.508521189033159e-05
7537,0.40539829452874654
6992,7.508521189033159e-05
3102,0.6062972741049871
1923,0.2503191290592055
7756,7.508521189033159e-05
3050,7.508521189033159e-05
5819,0.5993695914507609
7791,7.508521189033159e-05
5628,7.508521189033159e-05
7224,0.19921747651232796
8208,7.508521189033159e-05
3062,0.1797531484730644
9025,7.508521189033159e-05
5362,0.520625402340516
6653,0.5733813629571926
3161,7.508521189033159e-05
2676,7.508521189033159e-05
1809,0.1515165941832551
3813,7.508521189033159e-05
5358,0.27500544071852845
8659,0.006980887347568445
215,7.508521189033159e-05
5595,0.1098008121499902
8830,7.508521189033159e-05
8684,7.508521189033159e-05
3003,7.508521189033159e-05
2300,0.18678562926969836
3153,0.3912678356486159
938,0.42640883441068694
8674,0.006531226251761795
9682,7.508521189033159e-05
2001,0.0004637960268834154
8575,7.508521189033159e-05
5064,7.508521189033159e-05
5395,0.6062972741049871
9128,7.508521189033159e-05
7459,0.05346920058304515
7608,7.508521189033159e-05
2523,7.508521189033159e-05
2453,7.508521189033159e-05
6569,7.508521189033159e-05
5662,7.508521189033159e-05
953,0.5616123855095513
6980,7.508521189033159e-05
9673,7.508521189033159e-05
4509,7.508521189033159e-05
5705,7.508521189033159e-05
2149,7.508521189033159e-05
8567,7.508521189033159e-05
5272,7.508521189033159e-05
1004,0.13055084177360318
975,7.508521189033159e-05
7878,0.16728086894255942
9781,7.508521189033159e-05
9932,0.5820865870508309
8485,0.5148671035791762
5317,0.13308006491817828
6547,0.0032029269479175366
5026,7.508521189033159e-05
8597,0.5560412759625283
7886,7.508521189033159e-05
4179,7.508521189033159e-05
5752,7.508521189033159e-05
5580,7.508521189033159e-05
3356,7.508521189033159e-05
3080,0.49913066317629073
892,0.1581014805935299
1599,0.4834492054817613
4948,7.508521189033159e-05
9082,7.508521189033159e-05
85,0.40484606689792196
55,7.508521189033159e-05
9827,7.508521189033159e-05
7322,7.508521189033159e-05
7709,0.5313110057275208
2248,7.508521189033159e-05
9319,0.306781279817466
5426,7.508521189033159e-05
3814,7.508521189033159e-05
3109,7.508521189033159e-05
2698,7.508521189033159e-05
860,0.023158425576005105
586,7.508521189033159e-05
8150,7.508521189033159e-05
1564,7.508521189033159e-05
8569,0.5448122714552639
2918,7.508521189033159e-05
1370,7.508521189033159e-05
6528,0.29566343497076647
5862,7.508521189033159e-05
7720,7.508521189033159e-05
2275,7.508521189033159e-05
7344,7.508521189033159e-05
2705,7.508521189033159e-05
9770,7.508521189033159e-05
9949,0.011588392831467653
3418,0.0649480227717601
2671,7.508521189033159e-05
3067,7.508521189033159e-05
803,0.08783273686278745
7261,7.508521189033159e-05
6066,0.03344598059928139
192,0.5404758408111019
9353,0.0848120208615835
4656,7.508521189033159e-05
6747,0.19509036571921712
4349,7.508521189033159e-05
454,0.17794879623871224
6374,7.508521189033159e-05
3336,7.508521189033159e-05
691,7.508521189033159e-05
9288,7.508521189033159e-05
1563,0.4323359881810132
3373,0.3048269527864275
3804,0.0012378323141937942
9216,7.508521189033159e-05
2478,7.508521189033159e-05
4338,0.14622668868381675
2051,7.508521189033159e-05
546,0.5851555379370902
8371,7.508521189033159e-05
2043,7.508521189033159e-05
8495,7.508521189033159e-05
6808,0.056509930036877785
4717,0.01548171009083996
7542,0.06540510783987456
7114,7.508521189033159e-05
6011,7.508521189033159e-05
255,7.508521189033159e-05
1732,7.508521189033159e-05
4675,0.41572923571775083
9721,0.0014826833773913446
9260,0.5611663638687603
5398,0.08463766095840551
3122,7.508521189033159e-05
3272,0.020398555465930297
8988,7.508521189033159e-05
8609,0.042928607689760895
4615,0.5149081361455076
4908,0.10846835691830929
3729,0.5957525366826227
1325,7.508521189033159e-05
5584,7.508521189033159e-05
3449,0.01988664802163646
8004,7.508521189033159e-05
6471,0.08016569341487419
4251,0.25316735163105014
1978,0.013338904695837785
6961,7.508521189033159e-05
6415,0.4774447897726955
7245,0.0110198434506416
3180,7.508521189033159e-05
5397,7.508521189033159e-05
9324,7.508521189033159e-05
3012,7.508521189033159e-05
2087,7.508521189033159e-05
8586,7.508521189033159e-05
4256,7.508521189033159e-05
613,7.508521189033159e-05
5534,7.508521189033159e-05
1876,7.508521189033159e-05
214,7.508521189033159e-05
4687,7.508521189033159e-05
5859,0.02677790563970357
6045,7.508521189033159e-05
6568,7.508521189033159e-05
9524,0.06703708194667207
4248,0.1565319869531128
7917,0.05365055531978514
2980,7.508521189033159e-05
5459,0.003155912958596869
2596,0.5886303642553489
6297,0.003935859409294952
6920,7.508521189033159e-05
9956,7.508521189033159e-05
6904,0.40532366946224235
1607,7.508521189033159e-05
9784,7.508521189033159e-05
6818,7.508521189033159e-05
8544,7.508521189033159e-05
5512,7.508521189033159e-05
7647,0.018201160198352277
5240,7.508521189033159e-05
3663,0.21547584786321508
7798,7.508521189033159e-05
6449,7.508521189033159e-05
6159,7.508521189033159e-05
2735,0.45140357165051986
7193,0.418127092574273
4127,0.12937615203671113
6307,0.06540510783987456
9379,0.4848880403143616
9142,0.5712822886736617
930,7.508521189033159e-05
1635,7.508521189033159e-05
7403,0.5763287430429826
470,7.508521189033159e-05
3223,0.5027267572167399
319,7.508521189033159e-05
8007,7.508521189033159e-05
6427,0.2710152107127312
6109,0.004746148649839288
315,7.508521189033159e-05
3142,0.07815318856350664
1181,7.508521189033159e-05
9902,7.508521189033159e-05
6512,7.508521189033159e-05
7689,7.508521189033159e-05
515,7.508521189033159e-05
7359,0.004678732557117025
8256,0.00017469086141619981
1834,7.508521189033159e-05
833,0.28902446278875316
5920,0.007386637179627045
1378,7.508521189033159e-05
6876,7.508521189033159e-05
3863,0.5945652818401674
8554,7.508521189033159e-05
1513,0.08842448089553319
4607,7.508521189033159e-05
6038,0.2382900802266456
5455,7.508521189033159e-05
745,7.508521189033159e-05
1062,7.508521189033159e-05
7124,0.5620715956002948
2811,7.508521189033159e-05
4413,7.508521189033159e-05
4678,7.508521189033159e-05
9280,7.508521189033159e-05
3044,7.508521189033159e-05
5128,7.508521189033159e-05
8965,0.1753042022501396
2729,0.40818300081724723
9791,0.3153593650198083
3074,0.004492048950906849
5810,0.29219974348909605
970,7.508521189033159e-05
5476,7.508521189033159e-05
2990,7.508521189033159e-05
6413,0.5169238360692723
1221,0.08078896820913267
9826,7.508521189033159e-05
80,7.508521189033159e-05
6677,7.508521189033159e-05
5246,7.508521189033159e-05
2088,7.508521189033159e-05
5645,7.508521189033159e-05
3222,7.508521189033159e-05
158,7.508521189033159e-05
9985,0.006850776695687082
200,7.508521189033159e-05
1738,7.508521189033159e-05
3665,0.04942789884697985
6923,7.508521189033159e-05
8976,0.04599984856209741
7969,0.03958690083847629
2278,0.0076878525591202555
1995,0.05850802303095303
5601,0.019850810900156314
9236,0.3097338818860787
5243,7.508521189033159e-05
1537,7.508521189033159e-05
6705,7.508521189033159e-05
9889,7.508521189033159e-05
4655,0.3510642891987853
8052,7.508521189033159e-05
9097,7.508521189033159e-05
3211,7.508521189033159e-05
7334,7.508521189033159e-05
7632,7.508521189033159e-05
9737,0.5357525226891154
1198,7.508521189033159e-05
1385,7.508521189033159e-05
8975,0.33477334975027356
7526,0.0330932702164557
9202,0.15507312020422176
1289,7.508521189033159e-05
5375,0.024085115876192373
1908,7.508521189033159e-05
8071,7.508521189033159e-05
9876,7.508521189033159e-05
8739,7.508521189033159e-05
7387,0.36807659523740754
1478,7.508521189033159e-05
3002,0.004928200277535753
3869,7.508521189033159e-05
3461,0.5846105033008268
3918,0.23053469749232186
5163,0.16562328799516973
1997,7.508521189033159e-05
3821,7.508521189033159e-05
1254,0.19839699256014634
468,7.508521189033159e-05
2695,0.2880147927862855
6104,7.508521189033159e-05
9014,7.508521189033159e-05
4219,0.14414891824758186
7763,0.14424883553991716
9460,7.508521189033159e-05
8689,7.508521189033159e-05
684,0.2928456885901742
7035,7.508521189033159e-05
694,7.508521189033159e-05
2775,0.2624954055736452
8769,7.508521189033159e-05
1103,0.5822883523723855
422,0.14537073514623505
6979,7.508521189033159e-05
8145,7.508521189033159e-05
6644,0.6062972741049871
151,0.2824262206370915
9732,7.508521189033159e-05
6145,0.05301559242166395
298,7.508521189033159e-05
6001,7.508521189033159e-05
115,0.03635515621478682
5696,7.508521189033159e-05
4245,7.508521189033159e-05
7463,7.508521189033159e-05
7374,7.508521189033159e-05
9448,0.08131527654263648
4913,0.3580237313361581
7065,0.19510411181651358
2998,0.23686579593680598
919,7.508521189033159e-05
5386,0.018687300739674947
629,7.508521189033159e-05
723,0.21110468694159493
3192,7.508521189033159e-05
9010,7.508521189033159e-05
2120,0.044281783437083284
4765,7.508521189033159e-05
1982,0.20253325207901693
5904,0.6056440052619307
99,7.508521189033159e-05
8476,7.508521189033159e-05
6915,7.508521189033159e-05
1151,0.019604673421223726
7850,7.508521189033159e-05
1985,0.6062972741049871
7836,7.508521189033159e-05
8731,7.508521189033159e-05
3225,0.03178611648822791
1158,0.33732789676613734
7590,7.508521189033159e-05
3499,7.508521189033159e-05
9344,7.508521189033159e-05
8714,7.508521189033159e-05
7494,7.508521189033159e-05
1948,7.508521189033159e-05
1189,7.508521189033159e-05
8266,7.508521189033159e-05
997,0.07710499612136186
7067,0.00017469086141619981
7306,7.508521189033159e-05
6394,7.508521189033159e-05
2174,7.508521189033159e-05
2171,0.5460579994276115
5590,0.26297085479154453
6816,7.508521189033159e-05
2738,7.508521189033159e-05
103,7.508521189033159e-05
647,0.0035950208224390778
5619,0.5281404447668172
3436,7.508521189033159e-05
8236,0.030081053946417066
4154,7.508521189033159e-05
5202,7.508521189033159e-05
336,7.508521189033159e-05
5677,0.5986557670159723
6448,0.49233542340307984
9367,7.508521189033159e-05
3557,0.003358309117732981
4293,0.4921516675339353
5210,7.508521189033159e-05
9642,7.508521189033159e-05
3838,0.5990389647821536
1602,7.508521189033159e-05
28,7.508521189033159e-05
6020,0.17525044539486825
2347,0.004476618130645096
3406,7.508521189033159e-05
2219,7.508521189033159e-05
6530,0.22131677395814178
4624,0.0033888733090660737
184,0.6024345017732614
4395,0.41484992026826556
4795,7.508521189033159e-05
5389,7.508521189033159e-05
6111,0.2752680967760982
2516,7.508521189033159e-05
5079,7.508521189033159e-05
4310,7.508521189033159e-05
7592,7.508521189033159e-05
4322,7.508521189033159e-05
2935,7.508521189033159e-05
22,7.508521189033159e-05
92,7.508521189033159e-05
4406,7.508521189033159e-05
5557,7.508521189033159e-05
4151,7.508521189033159e-05
4261,7.508521189033159e-05
1616,0.60328642008478
5651,0.026476357640385046
1300,0.499498116901442
1208,0.13766851510123038
7390,0.6062972741049871
2854,7.508521189033159e-05
7753,7.508521189033159e-05
2030,0.012609612570910977
3316,0.2690087717582448
4521,7.508521189033159e-05
1824,0.25414016326420663
766,7.508521189033159e-05
785,7.508521189033159e-05
4763,0.33121062398337514
2485,0.5185442513380718
7149,0.06934065236562832
9950,7.508521189033159e-05
2977,7.508521189033159e-05
1197,7.508521189033159e-05
7705,0.05686783351876521
2658,7.508521189033159e-05
7107,0.45034734902353757
3182,7.508521189033159e-05
9931,7.508521189033159e-05
220,7.508521189033159e-05
9399,7.508521189033159e-05
8639,7.508521189033159e-05
100,0.6030727318581668
4498,7.508521189033159e-05
3795,0.13391899347765135
5189,0.6011331155574019
4458,7.508521189033159e-05
7233,7.508521189033159e-05
3840,0.14657012039508724
5120,7.508521189033159e-05
7789,0.0026394723536145087
3877,7.508521189033159e-05
8466,7.508521189033159e-05
7199,7.508521189033159e-05
167,7.508521189033159e-05
724,0.4732097838670456
538,7.508521189033159e-05
3643,0.08108077128918197
8192,7.508521189033159e-05
4371,7.508521189033159e-05
7349,7.508521189033159e-05
82,7.508521189033159e-05
4262,7.508521189033159e-05
8424,7.508521189033159e-05
3699,0.02237455113973019
8914,7.508521189033159e-05
7328,0.05650079612429389
668,0.22065290066496016
4430,7.508521189033159e-05
6279,0.11222374756297163
4645,0.030209419380565573
8286,7.508521189033159e-05
6563,7.508521189033159e-05
9320,7.508521189033159e-05
6446,0.5819785828984343
7835,0.6062972741049871
6548,7.508521189033159e-05
2407,7.508521189033159e-05
5488,0.6054202100042047
5058,0.474211905316119
274,7.508521189033159e-05
8301,7.508521189033159e-05
1488,7.508521189033159e-05
8774,0.16432219270111426
9475,7.508521189033159e-05
3368,7.508521189033159e-05
9422,7.508521189033159e-05
9242,7.508521189033159e-05
4466,7.508521189033159e-05
7195,0.09138536384551806
966,0.002727221711139528
6632,7.508521189033159e-05
6663,7.508521189033159e-05
2447,0.11396490090520739
2846,7.508521189033159e-05
7037,7.508521189033159e-05
5611,7.508521189033159e-05
1527,0.46081363580230666
2096,0.35783961050698354
6984,7.508521189033159e-05
5917,7.508521189033159e-05
5355,0.0342265465478875
5520,7.508521189033159e-05
9155,7.508521189033159e-05
6261,0.3853954964143735
7080,7.508521189033159e-05
4421,7.508521189033159e-05
584,7.508521189033159e-05
7973,7.508521189033159e-05
3756,7.508521189033159e-05
5367,7.508521189033159e-05
4812,7.508521189033159e-05
6467,0.039623062409296694
4243,0.010072962287709285
8008,0.00867828296723107
1557,7.508521189033159e-05
135,7.508521189033159e-05
4355,7.508521189033159e-05
1986,7.508521189033159e-05
2514,7.508521189033159e-05
6144,7.508521189033159e-05
9083,7.508521189033159e-05
7084,0.034852848128423305
3262,7.508521189033159e-05
4695,0.4319630701624481
1864,7.508521189033159e-05
5077,7.508521189033159e-05
8020,7.508521189033159e-05
7695,7.508521189033159e-05
5704,7.508521189033159e-05
1869,7.508521189033159e-05
9866,7.508521189033159e-05
9630,0.023333371213822004
3998,7.508521189033159e-05
5945,7.508521189033159e-05
1121,7.508521189033159e-05
9982,7.508521189033159e-05
5208,7.508521189033159e-05
3183,0.017384842936805964
8073,0.5518775621635713
9632,7.508521189033159e-05
6025,0.00927034740459703
3383,7.508521189033159e-05
8322,7.508521189033159e-05
7932,0.5711696787837548
8233,7.508521189033159e-05
5041,7.508521189033159e-05
2753,7.508521189033159e-05
3387,0.04334052563256782
2834,7.508521189033159e-05
8675,0.03978131117074664
7939,7.508521189033159e-05
8494,0.07303521572453475
8759,7.508521189033159e-05
9782,7.508521189033159e-05
1780,0.04529178652098565
8511,0.6021930561752776
9555,7.508521189033159e-05
8931,7.508521189033159e-05
3892,0.5880625649963354
5181,7.508521189033159e-05
6143,0.5672502725437029
3022,7.508521189033159e-05
7971,0.5211719641518463
2232,7.508521189033159e-05
9292,7.508521189033159e-05
9279,7.508521189033159e-05
1890,7.508521189033159e-05
1449,0.07647164918627722
6554,7.508521189033159e-05
9698,7.508521189033159e-05
5468,0.0020102226407402186
5348,7.508521189033159e-05
854,0.016538059322578392
8657,7.508521189033159e-05
47,7.508521189033159e-05
288,7.508521189033159e-05
1472,7.508521189033159e-05
8819,7.508521189033159e-05
8287,0.22029886794689918
8035,7.508521189033159e-05
1082,7.508521189033159e-05
5675,0.4549741987262453
9644,7.508521189033159e-05
2532,7.508521189033159e-05
992,7.508521189033159e-05
5211,7.508521189033159e-05
6761,7.508521189033159e-05
9564,0.18663166484553279
7595,7.508521189033159e-05
7962,7.508521189033159e-05
8363,7.508521189033159e-05
811,0.06972554091639498
3208,7.508521189033159e-05
8909,0.6006864482824491
7416,7.508521189033159e-05
2220,0.006531226251761795
4237,0.5519107118015603
4801,0.2660020514981714
5569,7.508521189033159e-05
5784,7.508521189033159e-05
2801,0.14765482317295875
3541,7.508521189033159e-05
8509,0.6062972741049871
8232,0.2457051438335574
6173,7.508521189033159e-05
4824,0.05055979352796416
2546,0.5531279024284674
6459,0.0012378323141937942
1425,7.508521189033159e-05
2484,7.508521189033159e-05
1388,7.508521189033159e-05
6771,7.508521189033159e-05
2781,7.508521189033159e-05
8658,7.508521189033159e-05
3850,0.08968470658191792
4608,0.5086524294339216
5430,7.508521189033159e-05
3206,7.508521189033159e-05
5591,0.04336139740480303
7285,7.508521189033159e-05
5113,7.508521189033159e-05
581,0.31027890397155217
8825,0.027839767667031546
7975,7.508521189033159e-05
1996,0.002176903978168977
8783,7.508521189033159e-05
5162,7.508521189033159e-05
8508,7.508521189033159e-05
9414,7.508521189033159e-05
1643,0.0022847776485563636
5749,0.5980188854560909
8611,7.508521189033159e-05
8444,7.508521189033159e-05
3935,0.09331142040284998
568,7.508521189033159e-05
6945,0.07356614791155726
8631,0.17011713319246932
1746,7.508521189033159e-05
8897,7.508521189033159e-05
253,7.508521189033159e-05
2949,0.11362470251676565
8393,7.508521189033159e-05
7329,0.002273625133513615
2591,7.508521189033159e-05
9316,0.4378599639225622
6838,7.508521189033159e-05
9739,7.508521189033159e-05
4870,7.508521189033159e-05
876,7.508521189033159e-05
9708,7.508521189033159e-05
7155,0.17849029882523015
1702,0.016635178558574538
5958,7.508521189033159e-05
316,7.508521189033159e-05
9056,7.508521189033159e-05
9325,7.508521189033159e-05
4064,7.508521189033159e-05
5635,7.508521189033159e-05
9914,0.2260456858449706
8178,0.3996285172528167
7299,7.508521189033159e-05
5277,7.508521189033159e-05
1063,0.5864677148883013
7290,7.508521189033159e-05
9869,7.508521189033159e-05
4076,7.508521189033159e-05
494,7.508521189033159e-05
1243,0.594127542548281
7843,0.5683282144220007
557,7.508521189033159e-05
3500,7.508521189033159e-05
8402,7.508521189033159e-05
9584,7.508521189033159e-05
9423,0.5562701061665615
6027,7.508521189033159e-05
1322,7.508521189033159e-05
3565,0.5745021687839196
873,7.508521189033159e-05
2690,7.508521189033159e-05
5013,7.508521189033159e-05
9940,0.025011950080376825
3660,0.4283673747270256
9926,0.6021180390140928
9052,7.508521189033159e-05
9312,7.508521189033159e-05
9410,0.5910619001251574
6043,7.508521189033159e-05
7978,7.508521189033159e-05
9729,0.5511832515766599
9328,7.508521189033159e-05
8861,7.508521189033159e-05
2988,7.508521189033159e-05
9627,0.4661731366639012
3018,7.508521189033159e-05
4657,7.508521189033159e-05
5236,7.508521189033159e-05
9207,7.508521189033159e-05
7605,0.3951743569896844
1253,0.6062789108772618
1076,7.508521189033159e-05
6270,7.508521189033159e-05
9281,7.508521189033159e-05
3562,0.42281003656559535
5361,0.5920542614303074
8075,0.004226159453485234
889,7.508521189033159e-05
4648,0.42810341581434735
3683,7.508521189033159e-05
4527,0.014600778201011915
120,0.11414308234173964
8098,0.1603710373933444
1219,7.508521189033159e-05
8221,7.508521189033159e-05
6662,7.508521189033159e-05
9894,0.4256224530834081
4315,7.508521189033159e-05
9431,7.508521189033159e-05
9219,7.508521189033159e-05
913,0.5213921686912325
8883,7.508521189033159e-05
8002,7.508521189033159e-05
4090,7.508521189033159e-05
7943,7.508521189033159e-05
2431,0.20492086776447407
8079,0.21900388364677834
5661,0.44042120373773214
9600,7.508521189033159e-05
9546,7.508521189033159e-05
1375,7.508521189033159e-05
7196,7.508521189033159e-05
4411,0.004928200277535753
3407,7.508521189033159e-05
9722,7.508521189033159e-05
8874,7.508521189033159e-05
6280,7.508521189033159e-05
1017,0.24443098608598254
7160,7.508521189033159e-05
4636,7.508521189033159e-05
1938,0.0033377552205729657
5462,7.508521189033159e-05
6815,0.17530710976011243
7413,7.508521189033159e-05
5431,7.508521189033159e-05
6908,7.508521189033159e-05
6634,7.508521189033159e-05
2793,7.508521189033159e-05
7129,0.27714517946797546
8384,7.508521189033159e-05
4555,7.508521189033159e-05
3072,0.5990462279333082
5815,7.508521189033159e-05
4308,7.508521189033159e-05
6348,0.6046979456598871
7818,7.508521189033159e-05
9615,7.508521189033159e-05
6825,7.508521189033159e-05
2244,0.0025623448732074727
8432,0.007768180092358027
6896,0.1361091397437263
3895,0.24304733809352153
9896,7.508521189033159e-05
8369,0.0719326279151382
879,7.508521189033159e-05
1758,7.508521189033159e-05
6121,0.5396754708194547
8309,7.508521189033159e-05
9967,0.2687517751680244
5428,7.508521189033159e-05
3938,0.08859051178606407
7273,0.6062789108772618
8840,0.00927034740459703
7181,7.508521189033159e-05
4234,0.29841734242468665
5892,0.3635593413966416
7395,7.508521189033159e-05
3854,7.508521189033159e-05
1315,0.3833447383654642
3563,0.5055112114055526
7103,0.02535711340249762
1879,7.508521189033159e-05
7853,7.508521189033159e-05
6268,0.12818671109360708
3817,7.508521189033159e-05
7654,0.024085115876192373
5751,7.508521189033159e-05
4481,0.030318995838942316
1169,7.508521189033159e-05
9517,7.508521189033159e-05
5766,7.508521189033159e-05
5284,7.508521189033159e-05
3330,7.508521189033159e-05
660,0.33107685284369154
8621,7.508521189033159e-05
8024,0.05756528453124856
3456,7.508521189033159e-05
8392,0.23654297576959338
2301,7.508521189033159e-05
2155,7.508521189033159e-05
1773,7.508521189033159e-05
1946,7.508521189033159e-05
8133,0.2234122037562488
4063,7.508521189033159e-05
7365,7.508521189033159e-05
186,0.48826608171917735
3925,0.3332974274570579
4144,0.39492906949450196
6870,0.6039856009142961
2913,0.12908580644112322
3653,7.508521189033159e-05
4664,7.508521189033159e-05
9231,7.508521189033159e-05
1932,0.1789309683643724
1992,0.006548775150137734
4962,0.1077558005676294
5416,0.0076878525591202555
1618,0.42814904505678764
1180,7.508521189033159e-05
7457,7.508521189033159e-05
6214,7.508521189033159e-05
5715,7.508521189033159e-05
4974,7.508521189033159e-05
6787,0.5910182710740121
1541,0.0394905917787695
5415,7.508521189033159e-05
3822,7.508521189033159e-05
6509,0.44217779905335
5812,7.508521189033159e-05
229,0.41240621326898924
4778,7.508521189033159e-05
4746,0.00736214237790077
299,7.508521189033159e-05
8014,7.508521189033159e-05
2082,7.508521189033159e-05
4809,7.508521189033159e-05
3433,0.005472706524631161
4755,0.04623665438668945
6393,0.47018528879172555
1486,0.006090520195240038
5035,7.508521189033159e-05
317,7.508521189033159e-05
1554,0.016952846339364395
2045,7.508521189033159e-05
3889,7.508521189033159e-05
662,7.508521189033159e-05
7989,7.508521189033159e-05
9538,0.2704150773903235
2766,0.23719870854335415
7184,7.508521189033159e-05
6281,7.508521189033159e-05
4417,7.508521189033159e-05
6300,7.508521189033159e-05
2327,7.508521189033159e-05
7144,0.6062972741049871
6220,7.508521189033159e-05
190,7.508521189033159e-05
4897,7.508521189033159e-05
5935,0.012545056160698252
6423,0.12285943102351737
1013,0.005564780182667702
2191,7.508521189033159e-05
4137,7.508521189033159e-05
8163,7.508521189033159e-05
3329,7.508521189033159e-05
7620,0.4703027904493957
2629,7.508521189033159e-05
2198,0.009918318456833435
7743,0.05075610616508312
4218,7.508521189033159e-05
9893,7.508521189033159e-05
512,0.19285969715133663
3199,0.005564780182667702
5843,7.508521189033159e-05
7846,0.015178424391172018
134,7.508521189033159e-05
1066,0.5113574821136332
6078,7.508521189033159e-05
9557,7.508521189033159e-05
45,7.508521189033159e-05
318,7.508521189033159e-05
3312,7.508521189033159e-05
874,7.508521189033159e-05
7883,0.0740961102626688
1442,7.508521189033159e-05
6627,0.32779514081458744
9405,7.508521189033159e-05
5334,7.508521189033159e-05
2386,0.21785946734226616
3979,0.02026239554233627
3915,7.508521189033159e-05
1558,0.18943384476180067
9139,7.508521189033159e-05
368,0.13288562502622267
1186,7.508521189033159e-05
4023,7.508521189033159e-05
7573,0.002888860634851291
6819,7.508521189033159e-05
4719,7.508521189033159e-05
2333,7.508521189033159e-05
1426,0.2574732643600821
8118,7.508521189033159e-05
5007,7.508521189033159e-05
6059,7.508521189033159e-05
469,7.508521189033159e-05
5497,7.508521189033159e-05
2816,7.508521189033159e-05
4561,7.508521189033159e-05
5326,7.508521189033159e-05
698,0.5607133664212877
3974,7.508521189033159e-05
5184,7.508521189033159e-05
8499,0.10833175496472496
2079,0.007768180092358027
7355,7.508521189033159e-05
6241,7.508521189033159e-05
4244,0.2321939715911406
3874,7.508521189033159e-05
2714,7.508521189033159e-05
4364,7.508521189033159e-05
7635,7.508521189033159e-05
8193,7.508521189033159e-05
8138,7.508521189033159e-05
1760,0.6041123291749502
7660,0.03757302513196049
839,0.28495864633746254
8929,7.508521189033159e-05
2209,7.508521189033159e-05
2782,0.33509787422924087
6210,7.508521189033159e-05
2839,0.2879159320783
9731,7.508521189033159e-05
8327,0.05267631715398363
2573,0.3910492931923086
8054,7.508521189033159e-05
4289,7.508521189033159e-05
3556,7.508521189033159e-05
5015,7.508521189033159e-05
1750,0.5686176315077954
947,7.508521189033159e-05
2545,0.11106735975010475
2994,7.508521189033159e-05
3335,7.508521189033159e-05
7405,7.508521189033159e-05
9403,7.508521189033159e-05
4994,0.5419916228625232
6318,7.508521189033159e-05
1971,7.508521189033159e-05
228,0.6060270477192151
4591,7.508521189033159e-05
4550,0.21106980119467658
342,7.508521189033159e-05
4367,7.508521189033159e-05
8077,7.508521189033159e-05
7313,0.013492367858848043
9586,0.23136774586619033
434,7.508521189033159e-05
4118,7.508521189033159e-05
5653,7.508521189033159e-05
9619,0.4090931707354869
3920,7.508521189033159e-05
6933,7.508521189033159e-05
8479,0.0023022144033172888
227,7.508521189033159e-05
2276,7.508521189033159e-05
6968,7.508521189033159e-05
3949,7.508521189033159e-05
1386,7.508521189033159e-05
3597,7.508521189033159e-05
3256,7.508521189033159e-05
8291,7.508521189033159e-05
5918,0.4878074930574877
7521,7.508521189033159e-05
8838,7.508521189033159e-05
3104,7.508521189033159e-05
8120,0.2416462290820974
9895,7.508521189033159e-05
2368,0.46596770499596146
6419,7.508521189033159e-05
3735,0.1130937277899136
770,0.013817226135454018
1515,0.05676768074052372
1148,7.508521189033159e-05
733,7.508521189033159e-05
4892,7.508521189033159e-05
98,7.508521189033159e-05
1977,0.18685030073559294
8595,0.5927599682355634
5170,7.508521189033159e-05
2922,7.508521189033159e-05
3819,0.6062264405926663
5802,0.008156849914157948
3967,0.07602575692336383
3088,0.24866231194588204
7178,7.508521189033159e-05
4890,7.508521189033159e-05
7294,0.0195743722375743
6566,7.508521189033159e-05
5592,0.10496185212375807
9240,7.508521189033159e-05
843,0.5832158937298643
6456,7.508521189033159e-05
1448,0.011545810759423531
6422,7.508521189033159e-05
6797,0.5427683535032736
5054,7.508521189033159e-05
2960,0.047334356272790624
4611,7.508521189033159e-05
7993,7.508521189033159e-05
5016,0.5970793824826104
2351,0.4157130750060948
6906,0.14621247900841647
5323,7.508521189033159e-05
779,7.508521189033159e-05
2371,0.08052558360699087
9171,7.508521189033159e-05
9449,0.030865390628134787
5626,7.508521189033159e-05
5639,7.508521189033159e-05
1852,7.508521189033159e-05
1577,7.508521189033159e-05
8477,7.508521189033159e-05
5487,7.508521189033159e-05
2117,0.005633446867898464
642,7.508521189033159e-05
2112,7.508521189033159e-05
562,7.508521189033159e-05
2029,0.009168976427192664
8862,7.508521189033159e-05
2792,0.13054372783172277
4487,0.20257298960617895
4247,0.35456355573622167
6352,0.045220433139245814
5541,7.508521189033159e-05
4520,7.508521189033159e-05
9528,7.508521189033159e-05
4647,0.35400396539886375
2251,7.508521189033159e-05
4254,0.2409703722815439
7187,0.00448500270667136
7565,7.508521189033159e-05
1959,0.4413695926042716
8542,0.03989226498693543
5860,7.508521189033159e-05
5119,0.6030715873089814
6398,7.508521189033159e-05
3564,7.508521189033159e-05
2268,7.508521189033159e-05
6990,7.508521189033159e-05
8083,0.3785008061621605
7305,0.0704008767354663
2467,7.508521189033159e-05
9481,7.508521189033159e-05
7156,7.508521189033159e-05
4554,7.508521189033159e-05
4246,0.06166717434531766
6189,7.508521189033159e-05
5502,7.508521189033159e-05
6450,7.508521189033159e-05
5807,7.508521189033159e-05
1868,7.508521189033159e-05
8580,7.508521189033159e-05
9421,7.508521189033159e-05
7235,7.508521189033159e-05
5197,0.005755162882301473
9416,7.508521189033159e-05
731,7.508521189033159e-05
6188,7.508521189033159e-05
154,0.061421210938010284
1545,0.42890428205631864
8642,7.508521189033159e-05
709,7.508521189033159e-05
1637,7.508521189033159e-05
1779,7.508521189033159e-05
8791,0.5784291927721564
3131,7.508521189033159e-05
9137,7.508521189033159e-05
6124,0.00801511299621935
7490,7.508521189033159e-05
665,0.29208534736969355
6088,0.003533947148800689
5010,7.508521189033159e-05
8786,0.015368482225956626
1657,7.508521189033159e-05
5824,7.508521189033159e-05
9251,7.508521189033159e-05
145,0.2672055672083924
8380,7.508521189033159e-05
626,7.508521189033159e-05
9691,7.508521189033159e-05
3051,7.508521189033159e-05
8744,7.508521189033159e-05
3957,7.508521189033159e-05
1005,0.14468118825864582
2398,0.5527462437635058
9386,7.508521189033159e-05
3589,0.2563714253842029
38,7.508521189033159e-05
4204,0.006647377377729972
4574,7.508521189033159e-05
9130,7.508521189033159e-05
4963,0.472280682518919
7165,7.508521189033159e-05
1667,7.508521189033159e-05
6354,7.508521189033159e-05
7465,7.508521189033159e-05
5769,7.508521189033159e-05
1538,0.39877592153313074
8751,7.508521189033159e-05
2548,0.25101440371799166
9901,0.15699868283404336
9508,0.4292673005415222
2889,0.22838254462098484
3783,0.004419495649380669
4402,0.5996375494120678
2309,7.508521189033159e-05
1889,0.014756410725643104
4826,7.508521189033159e-05
9498,7.508521189033159e-05
3160,7.508521189033159e-05
2076,7.508521189033159e-05
4871,7.508521189033159e-05
2052,7.508521189033159e-05
9811,7.508521189033159e-05
2722,7.508521189033159e-05
648,7.508521189033159e-05
9069,7.508521189033159e-05
3460,7.508521189033159e-05
3693,7.508521189033159e-05
8031,7.508521189033159e-05
5589,0.6036727458785844
3143,7.508521189033159e-05
205,0.0062222836538282835
310,0.5918640552920184
5796,7.508521189033159e-05
6375,7.508521189033159e-05
1497,7.508521189033159e-05
2875,7.508521189033159e-05
9736,7.508521189033159e-05
6502,7.508521189033159e-05
8100,7.508521189033159e-05
9396,0.2147540894706027
977,7.508521189033159e-05
9145,7.508521189033159e-05
9136,7.508521189033159e-05
999,7.508521189033159e-05
8763,7.508521189033159e-05
9598,7.508521189033159e-05
3472,0.10508188538601758
4091,7.508521189033159e-05
8605,0.5047918912618212
5633,0.45872580894826176
1101,7.508521189033159e-05
7856,7.508521189033159e-05
7704,7.508521189033159e-05
4573,7.508521189033159e-05
829,7.508521189033159e-05
4350,0.007000154118226215
4845,0.410527171699167
332,7.508521189033159e-05
7166,7.508521189033159e-05
6046,0.2514443910963664
1218,7.508521189033159e-05
4319,7.508521189033159e-05
1858,7.508521189033159e-05
1847,0.024696856828397232
6684,0.29638569895712097
8849,0.021713351979856882
9376,7.508521189033159e-05
4729,0.033266071762661484
6760,7.508521189033159e-05
3306,7.508521189033159e-05
845,7.508521189033159e-05
2166,7.508521189033159e-05
6037,0.07616395709317836
4932,0.00300511797875359
6519,7.508521189033159e-05
1240,7.508521189033159e-05
9016,0.1559500988307618
5187,7.508521189033159e-05
6625,0.6062972741049871
9975,0.4701048971785427
2833,7.508521189033159e-05
7189,7.508521189033159e-05
7147,7.508521189033159e-05
1233,0.009989262091157134
1457,7.508521189033159e-05
7419,7.508521189033159e-05
4098,7.508521189033159e-05
4305,0.11207442700212455
7810,0.5985441187671623
2215,7.508521189033159e-05
897,0.6060695245272314
8915,7.508521189033159e-05
5870,0.0031674694712685806
1610,7.508521189033159e-05
9351,0.030081053946417066
3195,7.508521189033159e-05
2780,0.37886302800668703
982,0.25044561940826765
9945,0.013300174027636174
5080,7.508521189033159e-05
443,0.028907002310329145
3616,7.508521189033159e-05
7323,7.508521189033159e-05
6921,0.23421531767267856
9302,7.508521189033159e-05
7606,0.008128797296133455
4374,0.5461355267314254
8001,7.508521189033159e-05
1748,0.22346143678052466
8377,7.508521189033159e-05
1807,7.508521189033159e-05
7209,7.508521189033159e-05
9287,7.508521189033159e-05
8563,7.508521189033159e-05
5177,7.508521189033159e-05
904,0.19254152493934934
8798,0.5909073447447811
1269,7.508521189033159e-05
6678,7.508521189033159e-05
3708,7.508521189033159e-05
5336,7.508521189033159e-05
2578,7.508521189033159e-05
573,0.009513024530503136
7860,0.5114721406229077
8555,0.6021930561752776
2211,7.508521189033159e-05
3891,7.508521189033159e-05
5979,7.508521189033159e-05
2353,7.508521189033159e-05
3966,7.508521189033159e-05
5981,7.508521189033159e-05
952,7.508521189033159e-05
6535,7.508521189033159e-05
5410,7.508521189033159e-05
639,7.508521189033159e-05
4017,0.00035871730305780844
7012,7.508521189033159e-05
8469,0.016596986449847976
6661,0.0031674694712685806
382,7.508521189033159e-05
5516,7.508521189033159e-05
5617,7.508521189033159e-05
5180,7.508521189033159e-05
2968,7.508521189033159e-05
8907,7.508521189033159e-05
2480,7.508521189033159e-05
5176,7.508521189033159e-05
5198,0.036022123357841905
7399,0.2056875561545716
2123,7.508521189033159e-05
516,7.508521189033159e-05
2073,7.508521189033159e-05
7054,0.5785347121656392
8713,7.508521189033159e-05
8258,7.508521189033159e-05
2883,7.508521189033159e-05
1293,7.508521189033159e-05
690,7.508521189033159e-05
9570,0.0032029269479175366
9198,0.1798902540851842
3217,7.508521189033159e-05
3128,7.508521189033159e-05
9904,7.508521189033159e-05
129,0.5432352081116237
8790,7.508521189033159e-05
3340,7.508521189033159e-05
3953,7.508521189033159e-05
663,7.508521189033159e-05
2167,0.35804996931940886
2421,0.07815318856350664
3531,0.06741274044323224
9174,7.508521189033159e-05
8933,7.508521189033159e-05
8053,7.508521189033159e-05
4708,0.5125737895030872
3827,7.508521189033159e-05
3628,7.508521189033159e-05
1199,0.4963935561933061
9424,7.508521189033159e-05
2654,7.508521189033159e-05
1543,7.508521189033159e-05
8174,0.03983991454464997
3521,0.4976934053781889
2659,7.508521189033159e-05
7449,7.508521189033159e-05
5101,7.508521189033159e-05
7332,0.4538417993398502
3502,7.508521189033159e-05
836,7.508521189033159e-05
485,7.508521189033159e-05
3747,7.508521189033159e-05
3176,0.23101865382652112
1311,0.0032029269479175366
1422,0.5979220591331679
8870,7.508521189033159e-05
1438,7.508521189033159e-05
1430,0.32035062470418907
6199,7.508521189033159e-05
3917,0.02827337128500599
6475,0.024413655263099403
2997,7.508521189033159e-05
3152,0.46351823978625406
9418,0.520014339254812
773,7.508521189033159e-05
7546,0.11444732639437592
4896,0.2949159129043645
1007,0.5971399713983591
6276,7.508521189033159e-05
5186,7.508521189033159e-05
6531,7.508521189033159e-05
5550,7.508521189033159e-05
2945,7.508521189033159e-05
2242,7.508521189033159e-05
6503,0.025672196293111252
5204,7.508521189033159e-05
9275,0.054158876877261806
3728,0.018201160198352277
3937,7.508521189033159e-05
5613,7.508521189033159e-05
8129,7.508521189033159e-05
5646,7.508521189033159e-05
7130,7.508521189033159e-05
6003,7.508521189033159e-05
3592,0.005486907372769166
6311,7.508521189033159e-05
1421,7.508521189033159e-05
6580,7.508521189033159e-05
9993,0.5449251765029468
2439,7.508521189033159e-05
4531,7.508521189033159e-05
6959,7.508521189033159e-05
9068,7.508521189033159e-05
5044,7.508521189033159e-05
6737,7.508521189033159e-05
6636,0.15298885453004776
1030,0.1950558660314816
3926,7.508521189033159e-05
4073,7.508521189033159e-05
3731,7.508521189033159e-05
1651,0.008156849914157948
2489,7.508521189033159e-05
5247,7.508521189033159e-05
4747,7.508521189033159e-05
5445,0.35319701121742275
2138,0.16908462060131016
3237,7.508521189033159e-05
3811,7.508521189033159e-05
859,7.508521189033159e-05
2987,0.6062972741049871
2172,0.29442276535531237
1991,7.508521189033159e-05
5025,0.006883248288887237
2384,7.508521189033159e-05
9284,7.508521189033159e-05
9609,0.3204488269075988
4546,7.508521189033159e-05
9569,7.508521189033159e-05
6139,7.508521189033159e-05
6342,0.26696799136295174
2404,0.603528321613108
775,0.08840418938580327
4321,0.557726559419532
6181,7.508521189033159e-05
5200,7.508521189033159e-05
600,0.5210861496249123
7051,7.508521189033159e-05
1256,0.17511069588632694
3969,7.508521189033159e-05
9778,7.508521189033159e-05
1841,7.508521189033159e-05
2310,7.508521189033159e-05
2855,7.508521189033159e-05
1974,7.508521189033159e-05
9645,0.01508078611719169
7865,7.508521189033159e-05
539,7.508521189033159e-05
893,0.5078470514247999
4278,7.508521189033159e-05
414,7.508521189033159e-05
8231,7.508521189033159e-05
6501,7.508521189033159e-05
6669,7.508521189033159e-05
4462,7.508521189033159e-05
9110,7.508521189033159e-05
8660,7.508521189033159e-05
8532,7.508521189033159e-05
8715,0.015391782513701713
2787,0.3799068740324871
3247,7.508521189033159e-05
9551,7.508521189033159e-05
2736,7.508521189033159e-05
5116,7.508521189033159e-05
4113,0.22113131670053263
3035,0.5044828127011001
535,0.4263399655438294
8628,0.44373347035397004
7242,7.508521189033159e-05
9650,0.4670587506193388
2297,7.508521189033159e-05
7248,7.508521189033159e-05
7219,7.508521189033159e-05
7905,7.508521189033159e-05
3092,7.508521189033159e-05
1775,7.508521189033159e-05
9180,7.508521189033159e-05
7109,0.2180319418393367
2701,0.03882904706326773
283,7.508521189033159e-05
7081,7.508521189033159e-05
1630,7.508521189033159e-05
8237,0.011010573313090966
3741,7.508521189033159e-05
7007,7.508521189033159e-05
5874,0.13456200214604488
7479,0.17543385663380973
6504,7.508521189033159e-05
6620,7.508521189033159e-05
6083,0.5832227640452833
9108,7.508521189033159e-05
6227,7.508521189033159e-05
705,0.4937005234946532
8678,0.015155708533228889
5763,7.508521189033159e-05
5676,7.508521189033159e-05
3572,0.029881044909233535
3573,7.508521189033159e-05
2748,7.508521189033159e-05
6290,7.508521189033159e-05
4649,0.07813362163460388
2917,0.12138721605845465
6621,7.508521189033159e-05
673,7.508521189033159e-05
5736,0.15339062384206956
4372,7.508521189033159e-05
8085,0.5103957067498736
4435,7.508521189033159e-05
5090,0.006980887347568445
3980,7.508521189033159e-05
769,7.508521189033159e-05
1069,7.508521189033159e-05
23,0.38312006309692115
2376,7.508521189033159e-05
2028,7.508521189033159e-05
5524,0.5450608169797312
1639,0.2032296354102337
882,7.508521189033159e-05
6541,7.508521189033159e-05
4327,7.508521189033159e-05
2425,7.508521189033159e-05
6435,7.508521189033159e-05
1865,7.508521189033159e-05
6400,7.508521189033159e-05
4396,0.02026239554233627
7992,0.0025709116433516362
2544,7.508521189033159e-05
9924,0.058397130330761875
778,0.16054717679409575
7740,7.508521189033159e-05
9012,7.508521189033159e-05
9817,0.3270352423091869
4440,0.04111793550411156
7554,7.508521189033159e-05
2836,0.017476402203168186
8583,0.18887810248395745
367,7.508521189033159e-05
7030,0.42208654289530784
918,7.508521189033159e-05
937,7.508521189033159e-05
8200,0.4342589631290073
5706,0.21318492401939465
2664,7.508521189033159e-05
5762,7.508521189033159e-05
5107,7.508521189033159e-05
9899,7.508521189033159e-05
2039,0.4098552880503892
2802,7.508521189033159e-05
679,0.029888752022460174
3642,0.010425306360293356
4978,0.600860677614894
4600,7.508521189033159e-05
6200,7.508521189033159e-05
2887,7.508521189033159e-05
1213,7.508521189033159e-05
8677,0.5128792253508643
3868,0.1262749588605638
7955,7.508521189033159e-05
7438,7.508521189033159e-05
4336,0.33085825755465736
7931,7.508521189033159e-05
2947,7.508521189033159e-05
3020,0.39562819034347774
6812,0.05840221538241197
6485,0.12748523405431741
8695,0.006343176791392779
9724,7.508521189033159e-05
4068,7.508521189033159e-05
3522,0.008047866539119437
201,7.508521189033159e-05
5600,7.508521189033159e-05
1888,0.26345300343720457
2448,7.508521189033159e-05
6127,7.508521189033159e-05
9369,7.508521189033159e-05
826,7.508521189033159e-05
2612,7.508521189033159e-05
3691,0.03292825328373187
6131,7.508521189033159e-05
2255,7.508521189033159e-05
7908,7.508521189033159e-05
4603,7.508521189033159e-05
3580,7.508521189033159e-05
1523,0.013817226135454018
9790,7.508521189033159e-05
8220,0.06298919899525988
4944,7.508521189033159e-05
8704,0.05335176362393534
3226,0.5394127453682126
8117,0.11948034413616365
4298,7.508521189033159e-05
6137,7.508521189033159e-05
6642,7.508521189033159e-05
3013,0.5103957615733464
8448,0.013066406025245114
6782,0.049271577945253456
9587,7.508521189033159e-05
1087,0.34653178073038293
7778,0.5269159065444012
8926,7.508521189033159e-05
4309,7.508521189033159e-05
5725,0.14132263820036506
5846,7.508521189033159e-05
633,0.00011494012291260225
7828,7.508521189033159e-05
8572,7.508521189033159e-05
3961,7.508521189033159e-05
7970,7.508521189033159e-05
3116,7.508521189033159e-05
8720,7.508521189033159e-05
9257,0.27095571959388187
9828,7.508521189033159e-05
3701,7.508521189033159e-05
9631,0.4249265708206807
4287,0.009287320013663445
3121,0.08816680057773314
6002,0.009477794737671208
1722,0.2972130146175432
8961,7.508521189033159e-05
4040,7.508521189033159e-05
70,7.508521189033159e-05
4671,7.508521189033159e-05
3196,7.508521189033159e-05
5792,0.06306942786446275
424,7.508521189033159e-05
9635,7.508521189033159e-05
8734,7.508521189033159e-05
1650,7.508521189033159e-05
3219,7.508521189033159e-05
1014,0.38216949479668844
44,0.04465426086484846
5166,0.553279480370645
2571,7.508521189033159e-05
8225,7.508521189033159e-05
968,7.508521189033159e-05
8578,0.007517581443097775
